PC1,PC2,PC3,FEDRates
-2.486793552395918,-1.5587652201516717,-0.32303797552640645,0.8
-2.488619379572193,-1.5653332916378524,-0.21199976123516204,1.22
-2.4895322931603308,-1.5686173273809427,-0.15648065408954007,1.07
-2.4715662623876034,-1.5510000211610138,-0.37903755524243254,0.85
-2.467914608035053,-1.5378638781886524,-0.6011139838249213,0.83
-2.46517586727064,-1.5280117709593815,-0.7676713052617877,1.28
-2.4420726028632465,-1.5177264450191088,-0.8239399691138638,1.39
-2.4402467756869712,-1.5111583735329281,-0.9349781834051082,1.29
-2.4393338620988336,-1.5078743377898378,-0.9904972905507307,1.35
-2.427465570965004,-1.5071688490943946,-0.9354038661909517,1.43
-2.4238139166124535,-1.4940327061220333,-1.1574802947734406,1.43
-2.422901003024316,-1.4907486703789432,-1.2129994019190626,1.64
-2.5189850517183996,-0.787825554250442,-1.2626471802525259,1.68
-2.41255874731003,-1.4875425578146817,-1.2133651777779337,1.96
-2.519494039442415,-0.7936959666057646,-1.2073585067330854,2.18
-2.409446185701369,-1.4896447707831353,-1.1580141835955526,2.24
-2.4085332721132313,-1.4863607350400452,-1.2135332907411747,2.35
-2.3010859890905544,-2.174356143459531,-1.274830348566625,2.48
-2.4106211514148415,-1.4811423889095927,-1.3244616955498931,2.45
-2.409708237826704,-1.4778583531665024,-1.3799808026955154,2.5
-2.4124469785911167,-1.4877104603957734,-1.2134234812586489,2.5
-2.512196641389087,-0.7886722784879704,-1.263156103115995,2.62
-2.5145344594556542,-0.8010915327635822,-1.096827502044149,2.75
-2.6211858366781637,-0.118192386628684,-1.0359844964988871,2.71
-2.62211590094368,-0.1321699556661091,-0.9813506408473127,2.75
-2.301366188609631,-2.158573043654323,-1.3293284353297157,2.73
-2.510899891470063,-0.7986493348714314,-1.3197892188088123,2.95
-2.4977019465577057,-0.7971411401084676,-1.3204509380501512,2.96
-2.3958670347310584,-1.485718030762734,-1.1585530078437436,2.88
-2.5000570998087395,-0.8094493955111285,-1.1541124475164706,2.94
-2.3898995315357032,-1.4809367652190966,-1.2142822576163395,2.84
-2.4918829615433924,-0.8005384084795284,-1.3210971567523142,3.0
-2.4896790759888785,-0.7963910815764186,-1.432351047658363,2.96
-2.493233525103252,-0.8061529794291444,-1.3214452570383808,3.0
-2.494686704344545,-0.8151071519037582,-1.2106196327854937,3.0
-2.4961425453568022,-0.8240442807998827,-1.0997924900323321,3.0
-2.589690219572972,-0.16206047934764106,-1.0971062614812397,2.99
-2.3830597320837725,-1.4760060867706406,-1.2699841483780763,3.24
-2.3857984728481854,-1.4858581939999114,-1.1034268269412095,3.47
-2.3960914676382594,-1.4922646657348757,-1.0475378641256075,3.5
-2.503700818895354,-0.8580085803176521,-0.6561585267110756,3.28
-2.4024818627552227,-1.515252915936508,-0.6589041141062523,2.98
-2.633286236038025,-0.2387194128970596,-0.20890664377037788,2.72
-2.435219216629529,-1.5617388728826362,0.008088924772046181,1.67
-2.640079070212824,-0.2773898272109159,0.2899532990414031,1.2
-2.539137682732863,-0.9503201591150671,0.6203831950912874,1.26
-2.438778935742932,-1.5929269815624352,0.5631300403862659,0.63
-2.4378660221547945,-1.5896429458193448,0.5076109332406434,0.93
-2.5205551221855607,-0.9498486609559509,0.6750558355754765,0.68
-2.319964106007458,-2.2251229458994537,0.5056233761643527,1.53
-2.4168919829433904,-1.5770957874121079,0.3959243600897139,1.76
-2.3935577617202335,-1.5578182040004487,0.17318783787510011,1.8
-2.4890046786691653,-0.9010147558564792,-0.04735265094973682,2.27
-2.2893265760792003,-2.1795730765430723,-0.16126600321523882,2.42
-2.4706285510546104,-0.8893070953623059,-0.15892465086919486,2.48
-2.270037534876508,-2.1645813803058087,-0.3283571102803188,2.43
-2.36696541181244,-1.5165542218184627,-0.43805612635495755,2.8
-2.443168920512338,-0.856749742430037,-0.6037228411159884,2.96
-2.3422445220345804,-1.4938489761154645,-0.7162969951648847,2.9
-2.440998226146788,-0.852389889114299,-0.7149577969482785,3.39
-2.440605671571793,-0.8577161706076291,-0.6596113165020929,3.47
-2.3421944644276276,-1.4969822161955362,-0.6607551253531926,3.5
-2.443917174825945,-0.87303033416165,-0.43772893900178467,3.76
-2.4425499941147577,-0.8810100960107428,-0.3269280918720219,3.98
-2.344816767316888,-1.515934967470016,-0.3276851231395267,4.0
-2.3402521993762,-1.4995147887545643,-0.6052806588676374,3.99
-2.221475390780663,-2.1196603373527103,-0.7175416486667857,3.99
-2.4147804861103785,-0.8453909611647038,-0.8272572158598003,3.97
-2.321611827253197,-1.4967360113394286,-0.5504187113991938,3.84
-2.4237565346005696,-0.8626484303974077,-0.6051294965375069,3.92
-2.324533011716173,-1.4888567921537788,-0.7167333266594768,3.85
-2.4252491054741423,-0.8713503744175052,-0.49428139995126885,3.32
-2.3239091625299384,-1.5007897749349515,-0.4947627913157178,3.23
-2.324822076118076,-1.5040738106780418,-0.43924368417009585,2.98
-2.3239091625299384,-1.5007897749349515,-0.4947627913157178,2.6
-2.5359340822150442,-0.273750763933136,-0.04977451104633544,2.47
-2.340641385369773,-1.524228904911796,-0.16118605533718774,2.44
-2.3452059533104612,-1.5406490836272475,0.11640948039092304,1.98
-2.3169971975737003,-1.631208355284092,0.09041614312821801,1.45
-2.319735938338113,-1.641060462513363,0.2569734645650849,2.54
-2.319735938338113,-1.641060462513363,0.2569734645650849,2.02
-2.3052257650649,-1.6395675128424658,0.311992268958064,1.49
-2.3061386786530376,-1.6428515485855562,0.36751137610368595,1.98
-2.3043128514767623,-1.6362834770993755,0.25647316181244206,1.73
-2.481669405092167,-0.3920381440322367,0.42207593064556814,1.17
-2.1876913460245837,-2.237890220843186,0.03437265774057992,2.0
-2.381615275897303,-1.0053059382580682,0.20000164475769228,1.88
-2.264933293947897,-1.6120580395020585,0.03320887171265465,2.26
-2.261281639595347,-1.5989218965296974,-0.18886755686983417,2.61
-2.260368726007209,-1.595637860786607,-0.24438666401545614,2.33
-2.248130391651505,-1.5530376518132591,-0.34746483492131003,2.15
-2.341736047997426,-0.9262829950345152,-0.4590591278413558,2.37
-2.24630456447523,-1.5464695803270785,-0.4585030492125544,2.85
-2.332788735768045,-0.9287411331548252,-0.40397924377589706,2.78
-2.2358515061230966,-1.540310136829814,-0.5142787780146956,2.36
-2.2358515061230966,-1.540310136829814,-0.5142787780146956,2.68
-2.318003200243595,-0.920357907313889,-0.5155690448403089,2.71
-2.2250355862626434,-1.5430271167446228,-0.4036107583539265,2.93
-2.319513164862955,-0.9289484774872041,-0.4047110253838852,2.9
-2.2182560579102084,-1.5320684967225895,-0.5702228496476998,2.9
-2.2209947986746212,-1.5419206039518605,-0.4036655282108334,2.94
-2.219168971498346,-1.5353525324656798,-0.5147037425020777,2.93
-2.2112739889680117,-1.5285036592687575,-0.40128815095207687,2.92
-2.213099816144287,-1.5350717307549382,-0.2902499366608325,3.0
-2.306350696642683,-0.9197182485291462,-0.3470483201788987,2.98
-2.1989834993860358,-1.5247633059632266,-0.4016336606210985,2.9
-2.200809326562311,-1.5313313774494073,-0.2905954463298541,3.0
-2.2928355665621605,-0.9146898772206545,-0.4030907725042745,2.99
-2.2699571652661614,-0.909664708280523,-0.40399786923169584,3.02
-2.1736760468052454,-1.5079030579212755,-0.5689214055982539,3.49
-2.174588960393383,-1.5111870936643659,-0.5134022984526319,3.48
-2.261032963277855,-0.9060813138144349,-0.45992395023508464,3.5
-2.1687111711280713,-1.515485752938537,-0.40259553579741075,3.48
-2.260727289189134,-0.908038574748325,-0.46009833270214173,3.38
-2.1472473572569273,-1.4957629527595184,-0.456238483980439,3.48
-2.145421530080652,-1.4891948812733378,-0.5672766982716828,3.48
-2.145421530080652,-1.4891948812733378,-0.5672766982716828,3.43
-2.1318439169679864,-1.482060947269524,-0.623156381408724,3.47
-2.130018089791711,-1.4754928757833434,-0.7341945956999684,3.5
-2.224469253001532,-0.8798423974007323,-0.6253133249457824,3.5
-2.2039368012008294,-0.8665446688726527,-0.7925990424400382,3.42
-2.0186764839866105,-2.061914017146257,-0.8432889614606196,3.5
-2.2057626283771046,-0.8731127403588334,-0.6815608281487943,3.45
-2.107939339711451,-1.4688459281429207,-0.7348326412775232,3.36
-2.198137316416807,-0.863910975689117,-0.8483709641451128,3.52
-2.1070264261233134,-1.4655618923998304,-0.7903517484231453,3.85
-2.0956193596912054,-1.3805176110455413,-0.8263693567630376,3.9
-2.0974451868674806,-1.387085682531722,-0.7153311424717936,3.98
-2.186432375890251,-0.7807740111464062,-0.8845585051727237,4.05
-2.171563927612672,-0.7812098847228484,-0.8296856429291237,4.09
-2.077395227806684,-1.3659222121658745,-0.9934040762460747,4.1
-2.261492801902863,-0.18712753149809333,-0.8883791809910038,4.05
-2.0498857324538458,-1.3513766715687523,-1.1053027618886226,4.09
-2.0498857324538458,-1.3513766715687523,-1.1053027618886226,4.12
-2.048972818865708,-1.348092635825662,-1.1608218690342451,4.02
-2.1122576258579286,-0.7506619357082055,-1.1651054558663514,4.08
-2.0198785124814993,-1.3330448773855006,-1.272804653376044,4.1
-2.110143261773804,-0.7459413941192495,-1.2763082761208893,4.32
-2.0685072445058608,-0.9786959138253021,-1.234003260030213,4.42
-2.2484632986698383,0.19183923228252583,-1.24133764693123,4.6
-2.1570042896205233,-0.3937817021364914,-1.2935136350869383,4.66
-2.2406671969195124,0.18270690785541424,-1.2424636422515496,4.67
-2.0614971252546903,-0.9736660055502414,-1.289679167847648,4.9
-2.150068171830949,-0.3974074655816338,-1.2941490225008672,5.17
-2.138008383655091,-0.3956294535246265,-1.2946963855890774,5.3
-2.2266671878335464,0.17206149663058654,-1.2441178721676156,5.53
-2.047887694964793,-0.9635514821791955,-1.4011071858058293,5.4
-2.213152164090975,0.17184041940186826,-1.3006280755572812,5.53
-2.035460540208647,-0.9568068284320552,-1.4569967763117484,5.76
-2.037286367384922,-0.9633748999182358,-1.3459585620205043,5.4
-2.012031333226522,-1.0207238970300507,-1.3069597240198267,4.94
-2.0111184196383842,-1.0174398612869604,-1.362478831165449,5.0
-2.098970453477594,-0.4549147401172291,-1.3123605680802024,4.53
-2.0955633148068955,-0.4558264085251479,-1.3125167162344422,4.05
-2.0952987050922225,-0.45752073027621254,-1.3126676720941457,3.94
-2.0959486030001244,-0.4624888810127575,-1.2572986114355715,3.98
-2.0810362746275226,-0.45672688938126027,-1.3134149767159569,3.79
-2.080776404106105,-0.4583908656167609,-1.3135632289372354,3.9
-2.0805180850504867,-0.4600449076657823,-1.313710596070626,3.99
-2.0703688884880402,-0.4647536562114924,-1.203200909553952,3.88
-2.069200717383184,-0.46310405918594494,-1.2588656372711005,4.13
-2.068034056677835,-0.4614447909253827,-1.3145295033280622,4.51
-2.207560085422272,0.4530518418336399,-1.2225845679319411,4.61
-2.1227124088439426,-0.09936559773336484,-1.2159905867336096,4.71
-2.1215516576339755,-0.09766849039884981,-1.2716510815123971,5.05
-2.0959528466429798,-0.08541517078314337,-1.3836612094079788,5.76
-2.0957078866530447,-0.08698367343468391,-1.383800955395458,6.12
-2.1810679105149733,0.44132584480479053,-1.2251077391293161,6.07
-2.1677848004175777,0.43883569756879537,-1.2260628317000875,6.03
-2.082186770936503,-0.09099779380935705,-1.3848918265898404,6.03
-2.081037235824558,-0.08922886870781352,-1.440545922753515,5.78
-2.1552841972284744,0.4388053671065231,-1.393978621409138,5.91
-2.072472011145405,-0.09144911847509202,-1.4412217272019063,5.82
-2.0722407142780925,-0.09293013482298007,-1.4413536785835668,6.02
-2.1153289156249033,0.19718848860208563,-1.3629100668724234,6.3
-2.196289312626946,0.7155857885083868,-1.3167233788799664,6.61
-2.276117700164226,1.2267347216609228,-1.2711824852498095,6.79
-2.187298714101525,0.7031190116758015,-1.3182395853575615,7.41
-2.1067929909146206,0.18763303245014856,-1.3641668887815661,8.67
-2.1868918816027967,0.6913845133197849,-1.263473373491613,8.9
-2.175183708877822,0.6890663194176885,-1.2643978754796117,8.61
-2.17432533042887,0.6835700386839973,-1.2648875674656845,9.19
-2.097184980185101,0.17137384932383629,-1.1988983689094368,9.15
-2.1791393371238152,0.6673156756599274,-1.1544146557889097,9.0
-2.176478051281863,0.6685342240149473,-1.2659294866748239,8.85
-2.1756515041752813,0.66324176246382,-1.2664010193591535,8.97
-2.1222381176199616,0.24375495346225431,-1.0635013879021227,8.98
-2.2012378438449556,0.7222093567601212,-0.8534383220285493,8.98
-2.202258788839858,0.7104875463470443,-0.7428592809078715,7.76
-2.2754615569603227,1.1842180848727522,-0.5892896344035372,8.1
-2.1253715230508132,0.20491797258611769,-0.5649171324469,7.95
-2.200969010672397,0.6798465316085158,-0.4667915998579176,7.61
-2.18831570513665,0.6754993030226769,-0.4122111975621325,7.21
-2.040242437626334,-0.2817577474876385,-0.44168646441159376,6.62
-2.19120332779126,0.6574709907438178,-0.19057063756423379,6.29
-2.2038706290051753,0.6451832966689127,-0.13503335855051554,6.2
-2.2067737254189166,0.627254064375459,0.08661602899407958,5.6
-2.207858555847694,0.6159413186118943,0.19723151579327253,4.9
-1.9378349251289932,-0.6702047870033965,-0.10165300802330858,4.14
-2.0104563299860287,-0.20520286523243764,-0.06022358954329313,3.72
-2.01118723504069,-0.209652319325831,-0.004808315526693767,3.71
-2.000937657965228,-0.20481902110498312,-0.06082326348316437,4.16
-2.072835565285097,0.25555027553511667,-0.019806589459078153,4.63
-2.143840544746126,0.7102020682081607,0.020700682660581105,4.91
-1.9881442015769204,-0.21113129420147478,-0.006414328947674757,5.31
-1.9888822000760835,-0.21553532827949148,0.049004991772252704,5.57
-1.9169537603623927,-0.6669706165286414,-0.0470274042064065,5.55
-1.981098195781995,-0.20545329080757888,-0.11781867047648273,5.2
-1.9120825544947897,-0.665626178138959,-0.047194447741723905,4.91
-2.0534190783730297,0.23936533709254118,0.03343591194065339,4.14
-1.8266516899805456,-0.8946076963612793,-0.22742027751496677,3.51
-1.9663875312980048,0.0092640029576833,-0.20270138682581426,3.3
-1.896635513547374,-0.44649446424301814,-0.18749555946400753,3.83
-1.8631462482085708,-0.4341890768793659,-0.24437885837260545,4.17
-1.8629780198217882,-0.43526625960950294,-0.24447483013533783,4.27
-1.8628106002253266,-0.43633826357651545,-0.24457034049536483,4.46
-1.9162154817266908,0.014215844399615069,-0.26125188293457857,4.55
-1.8465721184886745,-0.4317173871045559,-0.3009823734920602,4.81
-1.8454949628325046,-0.4294850093047537,-0.35659517826556375,4.87
-1.889678752215338,0.013597839202510488,-0.2630873388426381,5.05
-1.817961441730247,-0.41822654749272437,-0.46899589614084225,5.06
-1.816887373991985,-0.4159743974540855,-0.5246069393036541,5.33
-1.9379971541862988,0.2989376210417313,-0.49907137459931533,5.94
-2.0744467589868196,1.1635082076143033,-0.36623062501660864,6.58
-2.1394841615532,1.5890785350316605,-0.3841260693835542,7.09
-2.0524835699099238,1.1481595309188595,-0.36894767678553453,7.12
-2.0501927622172995,1.1426207766340697,-0.4252528517797242,7.84
-2.048833700378473,1.133918571435699,-0.4260281761041683,8.49
-1.9202204627145305,0.2895738817883132,-0.5568691166677768,10.4
-2.376784439705424,3.212997452705224,-0.2964062393261334,10.5
-1.9189155200923138,0.28121820719999935,-0.5576135667936681,10.78
-2.0915653894886694,1.5204643050157727,-0.5601457007061764,10.01
-2.027763046765614,1.0936726756739312,-0.48654736960349737,10.03
-2.027433127573686,1.0824306607054592,-0.4317372798536052,9.95
-2.3700192723916387,2.63128884739477,0.039754032987247216,9.65
-2.492832738591364,3.408545911633427,0.16481557072936817,8.97
-2.487189158817919,3.381539031471553,0.10659768972408012,9.35
-2.2330405333125354,1.8055053077512138,-0.034525396659965464,10.51
-2.4733976327980396,3.344535203855257,0.10259471109381546,11.31
-2.3527322846711343,2.544514707542586,0.19875185711562146,11.93
-2.3610893900032512,2.5255853484208757,0.253269744839034,12.92
-2.476196386798709,3.262626649460732,0.31893655408907323,12.01
-2.4756354116419774,3.2225166298278802,0.5386097409388404,11.34
-2.4165276161336586,2.826528478635504,0.5589429141117381,10.06
-2.362648250823858,2.4267565981140184,0.8581953692162765,9.45
-2.366368457995799,2.3958003849556593,1.1903075135173244,8.53
-2.1685820091180483,1.1806649642509979,1.4983552201934909,7.13
-2.2791076840784754,1.888371615792757,1.5614084542879851,6.24
-2.1718736535626464,1.1560941325274623,1.7752245722252606,5.54
-2.1600038867559803,1.150849924522484,1.8853592662112457,5.49
-2.216052661194504,1.4914766605543799,2.0273308558312904,5.22
-2.2676320600412687,1.84000359089511,1.9467595192090206,5.55
-2.3446839834285353,2.5351997065943515,1.8949696057888659,6.1
-2.0726406961628325,0.8115390874484435,1.6297763974336754,6.14
-2.179000385129916,1.4925705253009405,1.690452999219281,6.24
-2.15541279628252,1.4939355444063798,1.6888130955543457,5.82
-2.2062792830509235,1.8287681190594414,1.6628333570045049,5.22
-2.099310323078028,1.152964969950793,1.5468108715965099,5.2
-1.8195413345976317,0.025887312465261256,1.1221039810841862,4.87
-1.8696062287893567,0.3647167221299446,1.0406686423503193,4.77
-1.8165226043036917,0.03394661949241233,0.9553869298347157,4.84
-1.8551333890131771,0.3653521038474847,1.0397059686436783,4.82
-1.9550681182351846,1.0326324301062162,0.9317223165435132,5.29
-1.9042786246669088,0.6891633401258814,1.012744282238665,5.48
-1.8940963032928269,0.6807390520783136,1.1227319013705954,5.31
-1.8932942452768708,0.6756033965573891,1.1222743393438939,5.29
-1.84032052944875,0.35466656002840785,0.982057024379809,5.25
-1.876626345738582,0.674796812289016,1.0651695729205124,5.02
-1.7769205155829284,0.027241169584445165,1.0632872011261256,4.95
-1.826667756542168,0.34577759413294906,1.0916672533708303,4.65
-1.8934048694438939,0.8590284880390365,1.002588371387473,4.61
-2.0417759007346046,1.7999331284501758,1.1422301153589978,4.68
-1.939128916098078,1.1609335182523894,0.9736749481489397,4.69
-1.9509485692611048,1.4805425650681887,0.887968724579343,4.73
-1.8507543030183964,0.8572479494093194,0.7208127962982356,5.35
-1.8997936780323228,1.152992818871512,0.8587856290417527,5.39
-1.8166948445999007,0.8595939293039054,0.6628256609245387,5.42
-1.7695227267623495,0.5484167583979807,0.6909129813472059,5.9
-1.7673872101064525,0.5530018580116128,0.5796980938688292,6.14
-1.762692510859529,0.552163960958084,0.579041278532458,6.47
-1.809307809389477,0.85064625337621,0.6056346047586576,6.51
-1.7582803749292235,0.5604306663889427,0.35653100665551424,6.56
-1.9044734897399653,1.4271511158614374,0.4842219992941009,6.7
-1.9023690705643823,1.422805825387916,0.42802315614363623,6.78
-1.9471439420481544,1.7095036843454694,0.45356654643940236,6.79
-1.8767725922004108,1.7253392700850745,0.3381719222280042,6.89
-1.9193081893276014,2.0068283477230033,0.30743953652218886,7.36
-1.9606820402752794,2.2808786515290747,0.27604439210586207,7.6
-1.8505068932021924,1.6881049423364354,0.3889199465188116,7.81
-1.7580955582704592,1.1237747034643186,0.17120575972991675,8.04
-1.8459943845671738,1.6774699310130565,0.27634902089134467,8.45
-1.8585542123178398,1.9602031539507874,0.18758590081887722,8.96
-1.7279102729106133,1.1145477872562632,0.16805380333153402,9.76
-1.7282480011555634,1.107580783791973,0.2232447758957141,10.03
-2.0478600775811424,2.7956788091890163,0.4814743421542607,10.07
-2.1302461417939487,3.323204794971283,0.528474351833406,10.06
-2.083585496138372,3.0335616507747907,0.44685685207110654,10.09
-2.1144107915845507,3.2820404968438703,0.4680397948349464,10.01
-2.1497707407063635,3.5267127123520026,0.3782155062559707,10.24
-2.105621525175962,3.234891479064161,0.40802734694857323,10.29
-2.0844127001901436,3.217281626100485,0.4047623408930626,10.47
-2.04411198467297,2.931843692318919,0.5467663002880842,10.94
-2.079738213827956,3.1690914145104396,0.512092224143804,11.43
-1.9914319852240836,2.650513930672503,0.5207558670390037,13.77
-2.0270995515438663,2.888026338752553,0.48610537312509333,13.18
-2.063611926472811,3.1126891180025713,0.5619334371747423,13.78
-2.2937388285123315,4.357713343992894,0.943291879059963,13.82
-2.287878011964864,4.320185965349029,0.9399483714280515,14.13
-2.3188134655024903,4.518268684544164,0.9575965820761719,17.19
-2.2407911844493764,3.7531081701260622,1.2262161781229235,17.61
-2.206977151551179,3.4818165655058286,1.5369156033743134,10.98
-2.2404323635384467,3.686904032961132,1.6109996019776707,9.47
-1.9226006575360595,1.6444190739417652,1.5400151196773944,9.03
-2.1313853434625543,2.9904172441335257,1.6041253369940178,9.61
-2.1627469515035758,3.209487692640265,1.512020055005619,10.87
-2.1585753949359474,3.428190346864209,1.5280435506147623,12.81
-2.121894408165504,3.1933184193066277,1.5071175997306627,15.85
-2.1510073610832974,3.4071200205321044,1.3587311901544965,18.9
-1.8994927226203098,2.410832630900318,1.287765478940773,19.08
-1.963137907867041,2.827488455349384,1.2690757955465821,15.93
-1.8614303355380166,2.1762449730075057,1.2110531562861495,14.7
-1.8663277858890395,2.1714705421217,1.0992260435670564,15.72
-1.9001861572900152,2.3608804579735243,1.2835366459150226,18.52
-1.9306024142796971,2.5556387111514267,1.300888662746726,19.1
-1.963619887657854,2.967377740942151,1.1676915648304413,19.04
-1.867301425288115,2.3323822335011735,1.2227399390596518,17.82
-1.9300812069775368,2.716108263925457,1.3685514670110808,15.87
-1.7275727741107663,1.293962881453321,1.4101020658888332,15.08
-1.7620373519677384,1.4781248859506246,1.6497568035796417,13.31
-1.7635659415341174,1.469653573125387,1.7606254482880246,12.37
-1.5533904443135782,0.4524794053681877,1.536642604257993,13.22
-1.5558357238833,0.4407482375538851,1.7030325105000366,14.78
-1.4342442716623365,-0.34694317282905274,1.6886647207076895,14.68
-1.5771678675993863,0.6259771131164195,1.9415851439151348,14.94
-1.7298481439896587,1.5944742692138518,2.08368524735952,14.45
-1.8196102679404207,2.1509708626712367,2.2448897954723837,14.15
-1.61021989770763,0.7793213838079978,2.2342323275942144,12.59
-1.5205225763693815,0.2049807072250633,2.1830613557633285,10.12
-1.5231399479224121,0.1943514611254054,2.3495494378917723,10.31
-1.5502892931092105,0.37408950512192074,2.5324989493667167,9.71
-1.406504791206133,-0.5830946927229093,2.6704652697982527,9.2
-1.3473982904642685,-0.9615593683682058,2.636745900709418,8.95
-1.3318292119495627,-0.503150857317468,2.3196664106219393,8.68
-1.2868189312484786,-0.7055624077997358,2.316613174497672,8.51
-0.9254119079288586,-1.15914696702532,2.5436688273415924,8.77
-1.3870705124966782,0.42393732446797383,2.3320564715900227,8.8
-1.0934637225398838,0.01831689123455274,2.4959558125567036,8.63
-0.6775701424342224,-0.8129725349549771,2.741732909011441,8.98
-0.9694950165469951,-0.3422351732380657,2.0865455118137572,9.37
-1.237166111297992,-0.29425043354134783,1.857332568608345,9.56
-1.2772504603957249,0.07152656041010877,1.7367565524241524,9.45
-1.1412093787533353,-0.2998836898695093,1.5078368307164753,9.48
-1.152157780463974,-0.4404889425243471,1.2862996728426843,9.34
-0.8117003768486665,-0.8681871342472213,1.4393529740349469,9.47
-1.272414560395779,0.5728469313588095,1.150517861464968,9.56
-1.1868664168863585,0.3473873417849737,1.0718988458151626,9.59
-0.9263938997455635,-0.3408530965119268,1.181628778025843,9.91
-1.1074407300895681,0.32462979336826164,1.0491586986098769,10.29
-0.7822049394852038,-0.24381493597115614,1.090671523890629,10.32
-1.0623555586076556,-0.010575045246782079,0.7241414454219546,11.06
-1.1105872817218698,0.19753039115619275,0.8672956802599949,11.23
-1.1056159421523135,0.19111344979106598,0.8711617459731954,11.64
-1.0780766320659314,0.3292419523988712,0.8235662886070872,11.3
-0.7601273271571741,-0.22018126332233007,1.0651704476982593,9.99
-0.45633160243169707,-0.919808673761679,1.1055239004937398,9.43
-0.6825051629228955,-0.740922375696017,0.9572275027944813,8.38
-0.5601126554910226,-0.6510649948206247,1.0362562275486495,8.35
-1.2656165144765064,0.38272265466430794,0.46267158275624193,8.5
-1.0181781723240146,0.026458473825666497,0.6453732168753602,8.58
-0.9685806804545635,0.15729787500267267,0.7642660965428658,8.27
-0.6470206123395904,-0.2535418719569936,0.958042545160631,7.97
-1.0240509794634525,-0.10962972827098684,0.6892618471093916,7.53
-0.3428890246345985,-0.7726178309356623,1.2317451485933248,7.88
-0.5939200709958345,-0.5580973972813241,0.8354302481672512,7.9
-0.6181070990830262,-0.38937379323197996,0.8528813867645355,7.92
-0.6281441728053782,-0.2113530799676886,0.8639859261257793,7.99
-1.0765990771158784,0.004386401242056846,0.3620721569681952,8.05
-0.5062777881302518,-0.45806586204779376,0.8777741285596505,8.27
-0.7186627047846037,-0.568490330107886,0.30059074600921104,8.14
-0.2553648204978626,-1.849689152846006,0.7677533042543079,7.86
-0.5026743566062857,-1.9467787837685957,0.4656427725027663,7.48
-0.5134602668842958,-1.4764057427160675,0.5031459577191854,6.99
-0.17162253764018404,-1.0129642290164873,1.0649604672627115,6.85
-0.5353065262150964,-0.2746355952823753,0.8530424185947661,6.92
-0.5046424039170854,-1.1556005465973276,0.510220454794285,6.56
-0.3746057975803553,-0.9614041473502901,0.6494146319215506,6.17
-0.6318956000461516,-0.31569616613523854,0.5894328580682615,5.89
-0.5523985280484479,-0.9528297100051577,0.4906107591946613,5.85
-0.6588999306767932,-0.8628117678919818,0.33786825484117355,6.04
-0.4886566855840738,-0.9885548637545203,0.3228337476929209,6.91
-1.0760609759034314,0.730432944879654,0.20933125787753407,6.43
-0.49802381111586597,-0.17971029330963723,0.6156004755438966,6.1
-0.6374356485846271,0.075837826729155,0.5271195005290187,6.13
-0.8623879780512679,0.4421386251762708,0.16470721745888667,6.37
-0.754343590185717,0.06320445030473466,0.18557960000132148,6.85
-0.34866455464845647,-0.2628792669747087,0.4957570397857213,6.73
-0.624152894953421,-0.15440802391052924,0.12937076415384927,6.58
-0.483232849572476,0.16078892310787848,0.31264207570426494,6.73
-0.9542588113301487,0.5412629120027803,-0.17106575607309243,7.22
-0.4805128105361716,-0.22492911896867093,0.16080072792007688,7.29
-0.31484995911696134,-0.6324344909963822,0.12374799163718225,6.69
-0.16907543327030722,-0.8865410704440916,0.1623171620565807,6.77
-0.3683192949435005,-0.20606423248833575,0.12480007038498353,6.83
-0.26694821088591286,-0.289133892778518,0.21623305309668414,6.58
-0.6895192970628867,0.3303057582328057,-0.09287633126199489,6.58
-0.7544700779671089,0.5699442588676997,-0.3188773355498057,6.87
-0.3792713548422333,-0.021962010036973924,0.05933925716156659,7.09
-0.7126881560164031,0.3914534779336582,-0.3192319827934463,7.51
-0.6675520056090627,0.37346559979050803,-0.2980897119148924,7.75
-0.8423848562831996,0.5039189357077469,-0.3443503650352714,8.01
-0.8477003200752586,0.9210335343604086,-0.35510868277683066,8.19
-0.532541053430866,0.15855150833754073,-0.2485151860300984,8.3
-0.134211704319399,-0.564923728814939,-0.05135036786735998,8.35
-0.40351475666115,-0.21283676150168096,-0.25959965385530687,8.76
-0.6926415715415466,0.7319225694613493,-0.2647675441841752,9.12
-0.7966216689630754,0.6865447559440311,-0.5078018099601097,9.36
-0.7986659034648486,0.9594454597264472,-0.5529330133215267,9.85
-0.7607216540002367,1.0743064672969402,-0.39585806821629205,9.84
-0.8616814957975224,1.0177261408250404,-0.5236580397198469,9.81
-0.38975039041174864,0.10440596946605098,-0.17945386619671705,9.53
-0.8511805148708737,0.5042564930121851,-0.67420329712534,9.24
-0.09729843485393207,-0.23633847092951263,-0.02661747589945507,8.99
-0.2968813206130755,0.18017119586058186,-0.08252074442178813,9.02
-0.7522455824861808,0.8157483044055475,-0.43592701901149483,8.84
-0.4349102524509402,0.16516884500125378,-0.19528365304772885,8.55
-0.31491192158544645,-0.06122758934186157,-0.12082064500132049,8.45
-0.9234832488020782,1.9877549607586005,-0.26417908272066254,8.23
-0.7028206261348533,0.9078737876378963,-0.3596435772250177,8.24
-0.7902262795134751,1.1053375228970532,-0.46270157392882283,8.28
-0.6805030713908027,0.39116234383169807,-0.4317020518366921,8.26
-0.3700403670652694,0.26514173312218237,-0.11781829926935951,8.18
-0.8677982039403633,1.1754618381679003,-0.5490953111155852,8.29
-0.7393044829584119,0.8117294566438968,-0.33632959101192395,8.15
-0.9854746765283513,1.8683805214795655,-0.21810425994306518,8.13
-0.25947106207321613,1.1367721440128646,0.5154932101796885,8.2
-0.6391552287669889,1.0462833867263552,0.08995717781386338,8.11
-0.30065399394737186,0.14902140897178295,0.404024886956383,7.81
-0.5926296573835215,0.017759796880990646,0.10036929289124744,7.31
-0.8333110830678819,0.9419946224069379,0.06371230096430079,6.91
-0.40705086238374383,-0.13730298340055777,0.37048991308261625,6.25
-0.23603474316028453,-0.2840063808170944,0.6378212640272005,6.12
-0.14338527223296954,-0.3309349107486343,0.6438391264455169,5.91
-0.45846384291022024,0.15466883610594934,0.5344310618211506,5.78
-0.07139669093233054,-0.15976707482077276,0.8842767161282794,5.9
-0.3928029944349866,-0.11822594252976874,0.4590874776990984,5.82
-0.10221373766564812,-0.12015998077830449,0.8408799120804494,5.66
-0.3851687274957981,0.34402206928884393,0.646927263185071,5.45
0.13696633816482312,-0.5446535587075065,1.0397217796053742,5.21
-0.38812150840014986,0.11501258040116132,0.6266003997994342,4.81
0.07868153823556415,-0.6279527274070414,1.12480663795116,4.43
0.38120804424858934,-0.9549983566756223,1.2584386246011394,4.03
0.10617416966490464,-0.3856785545614787,1.1584737344317857,4.06
-0.23101476234222384,0.11822537334539139,0.9143591754090236,3.98
0.2379885878503263,-0.8132401685010816,1.1563585505465288,3.73
0.1438681238361681,-0.74550156738795,1.1838009396313995,3.82
-0.287032509280925,-0.05816849014903648,0.9980942851280008,3.76
0.40156402855141643,-0.814604015532683,1.4779576978496967,3.25
0.2983767624471741,-0.6127856064140861,1.3584032504665104,3.3
0.3609727791482389,-0.6647144461969234,1.4146954028898902,3.22
-0.10149396261591324,-0.13336328952441498,0.8288961802291168,3.1
0.08451196614448588,-0.6319217413542905,0.9627943298250695,3.09
0.4908065580918089,-1.3024291748304617,1.240238624705588,2.92
-0.045646796025345354,0.04032792326081964,0.9222986776841371,3.02
0.2804583564325518,-0.4460503627773564,1.0438308857059289,3.03
0.4288466101214572,-0.5640119607158969,1.1212248501755202,3.07
-0.12497923037373793,-0.21462289525712702,0.628548049601143,2.96
0.19218720069486142,-0.6969477216630778,0.8559667995107535,3.0
0.2985726342255872,-0.7792717537440635,0.8957969344699716,3.04
0.5670808944441221,-1.1998660386885902,1.0083565893424649,3.06
0.2804996291154014,-0.5161704141801357,0.8108311449550754,3.03
0.3497252533809487,-0.6810375921156946,0.7873470650973716,3.09
-0.010503092891656875,-0.0182330038562127,0.5692696207535191,2.99
0.10674387504082876,-0.6626554480136075,0.41560808788786374,3.02
0.3295616191446346,-0.9498068564265422,0.5316021288975561,2.96
0.32317140159556645,-0.5400947651445965,0.6312231798782073,3.05
0.08286331520688663,-0.23636969702641206,0.44263863858576735,3.25
0.4375216624041361,-0.521047600062803,0.7066908503705801,3.34
0.45203965792691087,-0.8174112867362928,0.5388886693042572,3.56
0.37885166634207973,-0.8561536776931902,0.2746258543234741,4.01
0.302216785129075,-0.35575404569664454,0.32090261012897975,4.25
0.544844322455629,-0.6420821065522825,0.49261324755789737,4.26
0.14916820250164473,-0.1013311965377009,0.13541743001601955,4.47
0.13295447748109,-0.3038714101884083,0.006472241101471589,4.73
0.60295262311254,-0.9680967429818959,0.2565581605023792,4.76
0.049208343923130865,-0.40414834983429165,-0.32865603353642164,5.29
0.8730011665426922,-1.2826510181814557,0.30332113412360034,5.45
0.025775193124796678,0.10029157280492006,-0.2264051285769519,5.53
0.23758843666148377,-0.06554624162738938,-0.14812928690898977,5.92
0.27524181404165354,-0.20571811302845425,-0.14299490727772018,5.98
0.1867386541971972,-0.1387298601031632,-0.009939375542473688,6.05
0.2513909587158338,-0.3976263502964996,-0.12073879163850618,6.01
0.6119857145854919,-0.689872072119053,0.20536082331489003,6.0
0.46399192290777114,-0.8636489961881288,0.01811975062067846,5.85
0.4104929151037896,-0.39626218906058497,0.0815580957094188,5.74
0.3512807903789268,-0.4512170612764308,-0.05654254648393151,5.8
0.3457895964951803,-0.20759915800802153,-0.08400527616225377,5.76
0.5957392943622203,-1.0466903889319015,0.03158480219306047,5.8
0.6178710230956637,-1.0646570105106201,0.05159149639987964,5.6
0.15244904210654356,0.4174368733940313,-0.10147504973211065,5.56
0.5148655119959085,-0.2960591026628357,0.058168573111871624,5.22
0.33780363959930904,0.15860502129543363,-0.01989902028958082,5.31
0.4189484907453138,-0.06749402788286046,0.005743274528661124,5.22
0.5231216370296937,-0.4644895160725637,0.01752446313958643,5.24
0.6682010388934618,-0.776852947786032,-0.07485799325899826,5.27
0.4891548194332148,-0.4017961172650794,-0.09761876685100823,5.4
0.7089338740488127,-0.5640356949439027,-0.12429942893939488,5.22
0.47169703099472315,-0.1712018769537973,-0.22854563804180159,5.3
0.5677796802194768,-0.21219310677774172,-0.17551564417768503,5.24
0.4510161299045195,-0.33171934904603717,-0.22277280496897817,5.31
0.825870119189797,-0.9413037955375679,0.035584829348819666,5.29
0.5900274193192031,-0.323945451419261,-0.1936930649529863,5.25
0.759928483693717,-0.4589256865229282,-0.09673440382028362,5.19
0.6276423052520695,-0.45485015585430805,-0.24356372367214665,5.39
0.7086364802886328,-0.6611672651289696,-0.3306131553336186,5.51
0.8515572910851689,-1.0717585496648019,-0.3939066682424969,5.5
0.8303706767739006,-0.755718746086443,-0.27684663404738796,5.56
0.9900649191734655,-0.8342681676499237,-0.22949780059166297,5.52
0.9015458945365687,-0.6581656893171518,-0.339433743576564,5.54
0.8293313496363792,-0.5037938658272542,-0.3220591667229274,5.54
0.8750444550885671,-0.49909393325930196,-0.42373085741942407,5.5
0.9096575649392012,-1.0243549302074004,-0.5809524941099631,5.52
0.8375707242962365,-1.0702635226428028,-0.6162506326034924,5.5
0.9882362261868848,-0.7996513127442897,-0.5304264629126528,5.56
0.8775047852671414,-0.7106600887392275,-0.6307633370447787,5.51
0.9822823036071778,-0.7999731682699954,-0.4797623634377378,5.49
1.0620962684243926,-0.810697466636218,-0.6661918234656452,5.45
0.8728949839595367,-0.6622631109673685,-0.7811813597691345,5.49
0.868569051156753,-0.7626592042319048,-0.7550874191921536,5.56
0.8914909360133141,-0.7310742122850787,-0.778165312283544,5.54
0.852769617271577,-0.7000030675012533,-0.813264422348609,5.55
0.9026496148376305,-0.7446063350780093,-0.7118519236291031,5.51
0.8820091190319651,-0.46421548638830296,-0.7887142504887052,5.07
1.2360640124520852,-1.1418662729098927,-0.6289667294266452,4.83
1.3029111400315636,-1.2945215113573953,-0.594483905356483,4.68
1.3275887334509366,-0.6522862951917443,-0.46009574492969474,4.63
1.314810863712327,-0.8437664291315317,-0.4674711555641183,4.76
1.238730694502001,-0.47954734818261285,-0.5712977159837964,4.81
0.9444055844941844,0.47738846575623717,-0.6341183889190254,4.74
1.3927666218755121,-1.0571565951606576,-0.5949004647403683,4.74
1.523296367675641,-1.1667395049710638,-0.42045223104872304,4.76
1.1868083167660088,-0.35320791240034694,-0.6443181995964838,4.99
1.2132526705569957,-0.4690288794199547,-0.7027005006776478,5.07
1.114852117484519,-0.003315265528874736,-0.689906073820151,5.22
1.4581478145032305,-0.6938468595267016,-0.6229973872406047,5.2
1.3705932568354102,-0.8158228103045052,-0.7530547606255943,5.42
1.286313308690635,-0.8397759378431052,-0.9110073682404944,5.3
0.848974796310989,0.2503443908021099,-1.0632802302766506,5.45
1.0259631301217562,0.5807255623018108,-0.7208665078961095,5.73
0.8039356553236837,1.139572293528594,-0.8791404712890265,5.85
1.3777619571562512,-0.4781493875128171,-0.866340940553585,6.02
1.2166919993267806,-0.26159673061662075,-0.8745087768877663,6.27
1.0273991077716529,0.5512512485215036,-0.871795544398344,6.53
1.0527222402134493,0.07173848976846676,-0.9864956916719897,6.54
1.2573082101739284,-0.4728999950201202,-0.8439755768542461,6.5
1.0609324086711345,0.536124222694828,-0.9122599317995653,6.52
1.2809908851793523,-0.17307486595275628,-0.8893540572899042,6.51
1.3264720435213375,-0.3961953065633484,-0.897341917989097,6.51
1.2004997671288544,-0.4801249212361128,-1.06031954601771,6.4
0.8356855146883495,0.8097494466095874,-0.9909978281320732,5.98
1.2089621090279947,0.13207489688865504,-0.7523597056792779,5.49
1.2194717242473956,-0.15895294249362882,-0.7599497792296359,5.31
1.1612457974238448,0.19112825333123343,-0.712527250269821,4.8
1.0582521353160248,0.3673060902128901,-0.838626853945343,4.21
1.1332336414917767,-0.15963894991483157,-0.7789407617483293,3.97
1.5243629052287242,-1.2146332405786233,-0.5542391897567288,3.77
1.1020579737824134,-0.43097501704582936,-0.6475278088746461,3.65
1.2234578867174115,0.19559790414894657,-0.2891572957838188,3.07
1.1171611857166612,-0.986992709633219,-0.5664065823217704,2.49
1.2498110159459768,-0.8311676163616527,-0.2621919922490021,2.09
1.552227151806667,-1.4488321983692805,0.02785653298776281,1.82
1.4045020291868207,-0.5286940695547355,-0.01857491769098212,1.73
1.2021218872244759,-0.091947216430548,-0.12967481387421775,1.74
1.2799545542121857,0.11542114344754677,0.012031528395483541,1.73
1.353784562289913,0.07174516867842176,0.16464440382473502,1.75
1.5796302532289097,-1.011218192042478,0.07416210111157502,1.75
1.5432250437126624,-0.8918457178388693,0.06493828767936739,1.75
1.6105277814171428,-0.8346216965945065,0.130181810840595,1.73
1.5372411344453818,-0.4124056347100374,0.10217865899379658,1.74
1.4788590025209758,-0.6354301541135046,-0.021909441462413217,1.75
1.5898487637027714,-0.7134648989157819,0.06733801675236506,1.75
1.735419005380411,-1.1072385744750444,0.2410649688903916,1.34
1.526260626099823,-1.2988613954428476,0.014086464666480806,1.24
1.5283733331198148,-0.06066592573798454,0.24189869172408554,1.24
1.4833367498086403,0.5025300181675609,0.3974699844260948,1.26
1.7421823784496069,0.018741874040665112,0.5592966085603528,1.25
2.1548710113977476,-1.6019128086182377,0.6055769560674142,1.26
2.009292479249519,-1.4009945088229772,0.5532007574286513,1.26
1.9171159617241795,-0.8943370233159813,0.6985629066053807,1.22
1.599056849101221,-0.5627300275701699,0.2925768101448452,1.01
1.5988677193404097,-0.11911492729587018,0.35194426228959924,1.03
1.6976965844378618,-0.2889654760288228,0.41765009586285795,1.01
1.853076897247806,-1.0578853879946646,0.2707449798805202,1.01
2.1263800479804065,-1.533262632028422,0.3361423683010257,1.0
1.929279908305204,-1.10810701208838,0.1704833146407379,0.98
1.659103299965678,0.18637560975566309,0.1996091530950229,1.0
1.474085028727746,0.42349570983645624,-0.002128052555016758,1.01
1.4860656346560968,0.5747535871578809,0.16596652637818315,1.0
1.6668051337384144,-0.04688498759354447,0.04226629096319747,1.0
1.4225446129472965,0.5790420530815816,-0.0657701595124923,1.0
1.6215745967884305,-0.014960780273814648,0.00011443452195110612,1.03
2.0370615144758872,-1.069397623024991,0.07610180168704697,1.26
1.7048763332567802,-0.45564732305071226,-0.1908567440940504,1.43
1.8385385031193533,-0.30780245970310177,-0.002426397063802529,1.61
1.665266312346369,0.38933579226141835,-0.013319853813460734,1.76
2.094712310197068,-0.7207184016320505,0.11669142360294486,1.93
2.1083265650597047,-1.409035077377153,-0.04960144101052945,2.16
1.5808736427332404,0.14862130441466498,-0.30286072413778875,2.28
1.5030694299705618,0.8003438774575616,-0.1605804952344089,2.5
1.792943524128596,0.9058342699872121,0.07652351896215498,2.63
1.8026436241875186,0.7510467622401346,0.011637635306792236,2.79
1.7629531543620252,-0.4664725216210949,-0.41121383587473403,3.0
2.1004571043355287,-0.4860322259989358,-0.09642757141004077,3.04
1.6736708424659024,0.5671742798337717,-0.3456499597360073,3.26
1.8595447757124288,0.5001839292243787,-0.21290319157412702,3.5
1.2082705988429108,2.171261455594261,-0.44298579462470367,3.62
1.7042385382789196,0.15258841821341693,-0.45914139832016443,3.78
2.1166906187595087,-1.805076342274248,-0.5142460074465094,4.0
2.1585227590987217,-1.1907591363654029,-0.3628807284642298,4.16
1.7233110563117409,1.0895052845083724,-0.44908497041441986,4.29
2.0849675003799284,-0.11326868885288176,-0.3045058472249001,4.49
1.7347470462294063,0.7429635140289845,-0.5276845799194804,4.59
1.716655456607966,1.2598801965275184,-0.43713378090818616,4.79
1.4740874890318396,0.8867378068065017,-0.864146024287264,4.94
1.8291637196766894,0.1165212389215708,-0.6702610725941558,4.99
1.8492671700410732,0.2696172797903107,-0.5674332671053334,5.24
1.4908959943278208,0.39911014370037196,-0.9339659718381557,5.25
2.3123121955975425,-1.367980798326454,-0.5963794475262013,5.25
1.9840289843775178,-1.140678918592704,-1.0083477587036402,5.25
2.023958424548522,-0.5407545333853104,-0.7480936611133591,5.25
2.0127370558832993,-0.04653720292932798,-0.687716729421802,5.24
1.949153380669575,0.20118902657502016,-0.6315406232717512,5.25
1.5175664040057961,0.9257921341107591,-0.9804037351225225,5.26
1.8441421174007744,1.2729327216301929,-0.5811342035524802,5.26
2.02941718144305,0.7323190416836143,-0.4999530912142219,5.25
2.0451334732826028,0.6613065463892063,-0.5585136832098625,5.25
1.938097164320847,0.06510559744023452,-0.7205980022632632,5.25
2.1379036117891,-0.4231242398593141,-0.6054562530971475,5.26
2.3433861273019314,-0.8406809917595754,-0.543232960770099,5.02
1.834538044936317,0.30896240129723873,-0.7515806649717158,4.94
1.9488520058823513,0.14994729819328928,-0.7038973592152106,4.76
1.8289503758925392,0.861428081364474,-0.6503317507192413,4.49
2.1389344108550805,-0.4702166786186578,-0.4826981250607175,4.24
1.8359413509227762,0.8659726055212624,-0.39043956816559466,3.94
2.0018014073589105,0.40172257584596344,-0.3848299965171408,2.98
1.7881851006985146,1.4984656609206464,-0.21963484513728382,2.61
2.091459710649996,0.8692394144518459,-0.14196892172229175,2.28
1.9649532859478285,1.3364311366040895,0.06941450871711384,1.98
1.522430432961409,1.9540459087215705,-0.14767175803756627,2.0
1.663792068305397,1.037249756307571,-0.10150260274375865,2.01
2.1872109095049197,-0.8926015029472065,0.1470125534795507,2.0
2.0539726765322626,-0.36305843601649823,0.1376886364726334,1.81
2.461098906775637,-2.209685087274447,0.439420587837719,0.97
2.7855264050022823,-3.9477243940486964,0.5160335032459992,0.39
2.9146567859152737,-2.647651559793291,1.2902776013874437,0.16
2.172513660420494,-0.5530337729024888,1.078195152626754,0.15
2.214228798002341,-0.50654562948563,1.424123652021326,0.22
2.342122257454569,-1.0369638697861818,1.656864299063347,0.18
2.3426135787149445,-1.0465511505794634,1.8359288725893612,0.15
2.4677220728160933,-1.100367852566176,2.191239273601108,0.18
2.4348505956181743,-0.15595483368931679,2.460941796397891,0.21
2.899555765573719,-2.160497211942664,2.432813927197123,0.16
2.4176916540302296,-1.1557872112898675,2.216415901116459,0.16
2.638205650611493,-1.603686302217452,2.459661281053106,0.15
2.6024831513654982,-1.4791645362072419,2.5110668669554093,0.12
2.777285486136048,-1.6577952764855255,2.601994473069709,0.12
2.8622777478044212,-2.1257498368964987,2.5736177983068154,0.12
2.5707432155387604,-0.636613778982343,2.6857427773877185,0.11
2.8565767059491405,-1.380067120477309,2.8092677645684714,0.13
2.7884875952529313,-0.7053498729591459,2.9684739477323556,0.16
2.7172881367467205,-0.9832744459822591,2.7607668772410494,0.2
2.791494853094311,-1.1867205446691302,2.617866751517822,0.2
2.599740561809536,-1.3068079440100493,2.256994052050997,0.18
2.755360382684983,-1.2030831664156723,2.4151440575945866,0.18
2.7705434825056217,-1.0302606680332274,2.535100152628437,0.19
2.5205272753761543,-0.9572540669650603,2.2748190900193106,0.19
2.6306140145951256,-0.9049341580871083,2.319334026462982,0.19
2.603334914135307,-1.0322897256111223,2.4848729730446952,0.19
2.5518499799968772,-0.7606931438034695,2.2119026464340266,0.18
2.1618801958638603,0.3465715798828377,2.055482562139591,0.17
2.0236735125086702,0.4895497164664867,1.8812576208520397,0.16
2.1492565915038164,1.1673187514098626,2.2004001558054584,0.14
2.154188502381329,0.6625620486105968,2.0852954044069367,0.1
2.1912810037991237,0.3560049579177548,1.9885197933127148,0.09
2.4508928096500564,-0.7917894231161947,2.0335052904523243,0.09
2.251306992046074,-0.3026667347116407,1.872924410895713,0.07
2.038953596621526,0.17168716827594235,1.760591075319355,0.1
2.2441527820661937,-0.19462160465252346,1.893417902366779,0.08
2.512964908200417,-0.9300715887346351,1.8247515417785953,0.07
2.5228268252428028,-0.7328748652154651,1.7729684209817078,0.08
2.4404438190251603,-0.9246546302221605,1.5728795270364677,0.07
2.1424265965003264,0.26999520325046567,1.3148852882119966,0.08
2.516066064808365,-0.03172057363535723,1.6530723656647888,0.1
2.2430629124355934,0.7091496534709832,1.4858054705888988,0.13
2.433413615251478,-0.1568430479015599,1.4384897365519158,0.14
2.691209845120234,-1.0435621365652212,1.4928870582719997,0.16
2.652763852497286,-1.0598342172896207,1.4456110045428237,0.16
2.6311546485095136,-1.0538929873951652,1.405365075800978,0.16
2.340119390738894,0.3488886520252323,1.3924883447828935,0.13
2.4086294796084124,0.12720850165337982,1.2384105791858937,0.14
2.6625932178817786,-0.8493288378818402,1.2491050925794607,0.16
2.7405418590080317,-1.6115880089782437,1.077836986608753,0.16
2.7491168550420637,-1.2958946172837629,1.2854868030451567,0.16
2.430774231750623,-0.19359863819986156,1.1775488691984966,0.14
2.3539416134780295,0.7267163360806171,1.1621219914830043,0.15
2.822154873404961,-0.5454289479012414,1.2353269460676075,0.14
2.72764914667096,-1.0457269710663366,1.0342539105776067,0.15
2.6797704501115556,-0.5469932625476518,1.0548367030741193,0.11
2.6172109931133205,-0.3962622372925868,1.024640328024712,0.09
2.7524650111211755,-0.7747805445664911,0.9068439387182131,0.09
2.694235924277692,-0.5928661255674185,0.8323066595130602,0.08
2.674616655655241,-0.5834559078863569,0.8128526599918363,0.08
3.0904182312635196,-1.475287891698472,0.9860855929489858,0.09
2.721754606296843,-1.0789179268234173,0.5062053774407625,0.08
2.6079803948624685,-0.6624858480175378,0.3740035355365355,0.09
2.591244590503964,-0.007283044685190392,0.4901071940383419,0.07
2.6046801115382237,-0.025782929208861643,0.5576561948278785,0.07
2.3999529790645484,0.5831751659919657,0.4893456572157093,0.08
2.7170320723186494,-0.09153862323207781,0.2984645940931694,0.09
2.628803836610808,0.00745914471689073,0.283332314272842,0.09
2.982517789027826,-0.5341911056391302,0.42115721062818906,0.1
2.834859571660524,-0.7181485005845331,0.1904038016275945,0.09
3.0340567712571174,-1.0822419221086061,0.2596984191028136,0.09
2.920494992069354,-0.5905550770687592,0.14757935408163628,0.09
2.9202898147537977,-1.0820489346108872,-0.1293509885611326,0.09
3.045454270900689,-1.654133015785848,-0.0828666183463532,0.09
3.0237244582941174,-1.67228374250073,-0.22676002254439848,0.12
3.227631060197818,-1.9308633832599194,-0.16103732707976495,0.11
2.9661928003124145,-0.24821077573125067,-0.1244244822080393,0.11
2.8023749724411506,0.1484097182988739,-0.26039680165810164,0.11
2.8213075649231047,-0.460173748991585,-0.4465691021206995,0.12
2.8448296276946126,0.008254854624527512,-0.18193008935156268,0.12
2.7773254819084046,-0.1828895575946528,-0.4800276089140204,0.13
3.160120462257701,-1.0183257575419464,-0.3593910278467626,0.13
3.274582887769857,-1.3467182873354975,-0.3754204882605207,0.14
2.943099259021547,-1.0973373006414813,-0.7376816647076773,0.14
3.0987154243853148,-1.032172637341028,-0.5601303113189897,0.12
3.150177300552149,-1.3463897969145677,-0.528048446277876,0.12
3.2952126693329706,-1.6709016589949424,-0.5088721170487143,0.24
2.8991898783216308,-0.2699578374601471,-0.6569795191578215,0.34
2.964416934443186,-0.46094202176729615,-0.5770098480217715,0.38
2.940790465456842,0.1173187680820626,-0.3935280165591429,0.36
2.5563173501705436,0.5221543931117257,-0.6916452251251664,0.37
2.7137121082403928,0.2945109962510794,-0.7479170279990041,0.37
3.0254613731049824,-0.0847454314882556,-0.4419692414029209,0.38
3.109623795916079,-0.9003235452344763,-0.6677086405195933,0.39
2.9730720183962536,-0.38376155558153086,-0.6267546881148297,0.4
2.9895290021413476,-0.1608821685396499,-0.4921739234928141,0.4
3.175585539949534,-0.45771484915488614,-0.4624624114207415,0.4
3.1495615186467556,-0.881731486630724,-0.7181869880544398,0.41
3.198958720734843,-0.6172403627752039,-0.5932095260707604,0.54
2.6779972129548373,0.8969015861613533,-0.75975999394825,0.65
2.791963771520641,0.37515137902808643,-0.8273337808261282,0.66
3.2014742992186447,-0.32526821164554787,-0.6689935922965125,0.79
3.2604648862123944,0.010798718957148777,-0.555443722302197,0.9
3.1833086878923376,-0.26811496288326153,-0.7152607864827053,0.91
3.2361367896381736,-0.298344069497218,-0.7215732012240992,1.04
3.27187180471328,-0.5352039131368497,-0.8022345870149346,1.15
3.126772635616715,0.17386690577773234,-0.7200710741723608,1.16
2.914155333656635,0.7218098056436764,-0.8706993113838785,1.15
3.258858795349877,-0.4416131349957128,-0.9300217622479051,1.15
3.2410160487602653,-0.32105140458852116,-0.9181779864663333,1.16
3.1274336424677354,-0.32415753208922077,-1.103395025896849,1.3
2.68692686198711,1.1285601356929156,-1.3143648046835654,1.41
3.2449379069985897,0.5256314387786712,-0.7920653386939747,1.42
3.3242508443682337,0.09788556456551295,-0.8735943310223419,1.51
3.073584381745862,0.620381898120776,-1.0657542321848774,1.69
3.0577947422895506,0.670919654717116,-1.1848924731831219,1.7
3.2164580253258586,0.11980467970978718,-1.0380188160280168,1.82
3.4303266776505668,-0.24819982889912603,-1.0612802183232057,1.91
3.370486037658914,-0.12088553715729353,-1.0946119629993127,1.91
3.3447306315965264,0.002031496944506651,-1.1483997407003246,1.95
3.2762621340820686,0.17006157355916307,-1.145326616003362,2.19
3.1482034682616953,-0.553633044585245,-1.4793479409232302,2.2
3.3432936357552614,-0.6903012476824383,-1.239859793840928,2.27
3.2746947084781235,0.10715669893486565,-1.1404022812572314,2.4
3.187571506189157,0.5608680895773296,-1.2329758155677621,2.4
3.0894025672361947,0.8689462481301857,-1.2614921201249376,2.41
3.246407424678874,0.7479285588443801,-1.242164382463747,2.42
3.405732114386923,0.11113349069247863,-1.2893632147836123,2.39
3.3616086410929005,-0.1651946497178878,-1.4115658371344963,2.38
3.324820573558064,0.17137940351605804,-1.390255298019462,2.4
3.5175043130370214,-0.25880146707623286,-1.3456709008980279,2.13
3.5242729368227534,-0.1253793217433983,-1.3603245373267345,2.04
3.481066951291776,0.19543664622705417,-1.3206337525797769,1.83
3.41273302455578,-0.20567840160718892,-1.5028124219862786,1.55
3.609320540943676,-0.42505839824658714,-1.3408677135869338,1.55
3.1474270790347454,0.5475658385454211,-1.5670853822401494,1.55
3.3950623602795384,0.16712651946275303,-1.4479445555182597,1.58
3.5060084857512175,-0.7538697989487438,-1.0501214007415607,0.65
3.3897901964195882,-2.230812082103532,4.8865844501627596,0.05
2.9658795878794697,-0.739226955030972,3.8874756932305443,0.05
3.1770058623947626,0.060181167688216776,3.0714097645805065,0.08
2.9439352985037184,0.621395866071734,2.031714535084316,0.09
3.401163249148354,0.01599622368472218,1.349970008284718,0.1
3.820828343233936,-0.5839174529089907,1.316544508302703,0.09
3.7520421240688426,-0.575136838998613,0.6385087716019894,0.09
3.889132449997443,-0.8437885501137187,0.6061269832812188,0.09
3.8350950628751446,-0.5491181409417606,0.6234167356729698,0.09
3.6974865135973825,0.8837792102167062,0.784804792435227,0.09
3.263874942830573,1.4398559644513291,0.33183052949862646,0.08
3.3021300274236176,1.6730928032344037,0.378702596853998,0.07
3.2615179141979858,2.005996961921559,0.28514265370963454,0.07
3.1838047880623717,2.0482802478579267,0.037187558910168624,0.06
3.0238217411609756,2.3795673630693535,0.003085494584845316,0.08
3.40488296399003,1.443953189471372,-0.1952732267371247,0.1
3.2343759975308535,1.1501168030693867,-0.6356148921752498,0.09
3.0025016723652427,1.4588372199756827,-1.0430759634489501,0.08
2.557412650255562,2.867650903317022,-1.4437390273060209,0.08
2.821147771578502,2.117523583765679,-1.5188988318425551,0.08
3.138268692991969,1.5754634095831694,-1.4795011170044157,0.08
2.3604802976340884,3.7312014593858995,-1.5387027110276124,0.08
2.430600391699164,3.798864602478375,-1.5572724987253574,0.08
2.347609618588555,4.5519407059366435,-1.5088751043828603,0.2
2.4423067447145783,3.2674571553457463,-1.8012829576093188,0.33
2.121757272015694,4.4104996564816075,-1.9156536149124994,0.77
1.9392594676880224,4.996697111822013,-1.965112555926024,1.21
2.8982059304695915,2.0498584710782595,-1.8039112605695224,1.68
2.3955424721245118,2.4141390192770524,-2.212450439058166,2.33
2.4027697402812414,2.8173957486108487,-2.1554338136632474,2.56
2.6664719647111026,2.9794874846587596,-1.8439140202443847,3.08
3.004778958089826,1.8866574178916322,-1.753853783122781,3.78
2.907699306526222,1.6360838594453209,-1.9858788074239446,4.1
2.6510035799678393,2.9427268549106396,-2.259118464319924,4.33
2.6028281607634365,2.587450091136986,-2.3492649480364363,4.57
3.473294146801686,1.5202446187110485,-1.7148667089542389,4.65
3.3312224823751406,1.9731608932063445,-1.8713114039093741,4.83
3.4886943790278524,1.4269608668997986,-1.7244736798418565,5.06
3.577295165891908,1.4701905292824775,-1.614012564005144,5.08
4.163454543503322,0.8717589740640947,-1.2733585534933047,5.12
3.629245296042154,1.693449127658623,-1.5391395797585898,5.33
3.4706390897036594,1.513376687601175,-1.7065517262338492,5.33
4.032689251663301,0.6525769894548605,-1.319156428525661,5.33
3.680521076316267,0.6815735283231811,-1.8200671096140997,5.33
3.8877304183919312,0.6752036085940759,-1.5326683150389921,5.33
3.155479557405098,2.358602000152803,-2.018755733039859,5.33
3.6221666890876993,2.093149119028701,-1.4521611966360315,5.33
3.671224915024629,2.0978606467848473,-1.3960686218892497,5.33
3.7483181405671364,2.100390595561726,-1.3849099890737957,5.33
4.052313014407611,1.8505248591070076,-1.053510760476504,5.33
4.212342311747069,1.717085393679762,-0.8523713755680494,5.33
3.912534691140568,2.0186309058903245,-1.1240587844210432,5.33
4.066760121076444,1.893907398080691,-0.9845158403051688,5.33
3.8291341768578255,2.090099977550533,-1.2558645581591712,5.13
3.971493512153645,1.9849837123504122,-1.1353084917005403,4.83
4.176018434061485,1.815560230664261,-0.8939095305657234,4.64
3.963900536096265,1.9911242211431885,-1.1421786053652496,4.48
