date,Cleaned/ConsumerPriceIndexAllItems,Cleaned/FEDRates,Cleaned/GDP,Cleaned/InflationConsumerPrice,Cleaned/MedianConsumerPriceIndex,Cleaned/RealGDP,Cleaned/RealGDPPerCapita,Cleaned/RealPotentialGDP,Cleaned/UnemployemenrRate
1946-01-01,,,.,,,,,,
1946-04-01,,,.,,,,,,
1946-07-01,,,.,,,,,,
1946-10-01,,,.,,,,,,
1947-01-01,,,243.164,,,2182.681,15248.0,,
1947-04-01,,,245.968,,,2176.892,15139.0,,
1947-07-01,,,249.585,,,2172.432,15039.0,,
1947-10-01,,,259.745,,,2206.452,15204.0,,
1948-01-01,,,265.742,,,2239.682,15371.0,,3.4
1948-02-01,,,,,,,,,3.8
1948-03-01,,,,,,,,,4.0
1948-04-01,,,272.567,,,2276.69,15563.0,,3.9
1948-05-01,,,,,,,,,3.5
1948-06-01,,,,,,,,,3.6
1948-07-01,,,279.196,,,2289.77,15585.0,,3.6
1948-08-01,,,,,,,,,3.9
1948-09-01,,,,,,,,,3.8
1948-10-01,,,280.366,,,2292.364,15530.0,,3.7
1948-11-01,,,,,,,,,3.8
1948-12-01,,,,,,,,,4.0
1949-01-01,,,275.034,,,2260.807,15250.0,2256.0845794522143,4.3
1949-02-01,,,,,,,,,4.7
1949-03-01,,,,,,,,,5.0
1949-04-01,,,271.351,,,2253.128,15137.0,2288.07974473432,5.3
1949-05-01,,,,,,,,,6.1
1949-06-01,,,,,,,,,6.2
1949-07-01,,,272.889,,,2276.424,15228.0,2321.232738068765,6.7
1949-08-01,,,,,,,,,6.8
1949-09-01,,,,,,,,,6.6
1949-10-01,,,270.627,,,2257.352,15032.0,2352.503145106597,7.9
1949-11-01,,,,,,,,,6.4
1949-12-01,,,,,,,,,6.6
1950-01-01,,,280.828,,,2346.104,15559.0,2384.66243643569,6.5
1950-02-01,,,,,,,,,6.4
1950-03-01,,,,,,,,,6.3
1950-04-01,,,290.383,,,2417.682,15977.0,2415.880535553454,5.8
1950-05-01,,,,,,,,,5.5
1950-06-01,,,,,,,,,5.4
1950-07-01,,,308.153,,,2511.127,16524.0,2446.3877187181947,5.0
1950-08-01,,,,,,,,,4.5
1950-09-01,,,,,,,,,4.4
1950-10-01,,,319.945,,,2559.214,16764.0,2477.671444439419,4.2
1950-11-01,,,,,,,,,4.2
1950-12-01,,,,,,,,,4.3
1951-01-01,,,336.0,,,2593.967,16922.0,2509.060951188673,3.7
1951-02-01,,,,,,,,,3.4
1951-03-01,,,,,,,,,3.4
1951-04-01,,,344.09,,,2638.898,17147.0,2540.4186636221148,3.1
1951-05-01,,,,,,,,,3.0
1951-06-01,,,,,,,,,3.2
1951-07-01,,,351.385,,,2693.259,17420.0,2573.573193946175,3.1
1951-08-01,,,,,,,,,3.1
1951-09-01,,,,,,,,,3.3
1951-10-01,,,356.178,,,2699.156,17375.0,2609.0085085583246,3.5
1951-11-01,,,,,,,,,3.5
1951-12-01,,,,,,,,,3.1
1952-01-01,,,359.82,,,2727.954,17490.0,2646.2990340311985,3.2
1952-02-01,,,,,,,,,3.1
1952-03-01,,,,,,,,,2.9
1952-04-01,,,361.03,,,2733.8,17459.0,2686.994429785641,2.9
1952-05-01,,,,,,,,,3.0
1952-06-01,,,,,,,,,3.0
1952-07-01,,,367.701,,,2753.517,17509.0,2726.124782328452,3.2
1952-08-01,,,,,,,,,3.4
1952-09-01,,,,,,,,,3.1
1952-10-01,,,380.812,,,2843.941,18001.0,2763.161132321586,3.0
1952-11-01,,,,,,,,,2.8
1952-12-01,,,,,,,,,2.7
1953-01-01,,,387.98,,,2896.811,18268.0,2795.842643882583,2.9
1953-02-01,,,,,,,,,2.6
1953-03-01,,,,,,,,,2.6
1953-04-01,,,391.749,,,2919.206,18341.0,2824.5491669373127,2.7
1953-05-01,,,,,,,,,2.5
1953-06-01,,,,,,,,,2.5
1953-07-01,,,391.171,,,2902.785,18155.0,2848.9003401564823,2.6
1953-08-01,,,,,,,,,2.7
1953-09-01,,,,,,,,,2.9
1953-10-01,,,385.97,,,2858.845,17797.0,2869.7430233376813,3.1
1953-11-01,,,,,,,,,3.5
1953-12-01,,,,,,,,,4.5
1954-01-01,,,385.345,,,2845.192,17636.0,2889.0972098170605,4.9
1954-02-01,,,,,,,,,5.2
1954-03-01,,,,,,,,,5.7
1954-04-01,,,386.121,,,2848.305,17584.0,2906.830302488472,5.9
1954-05-01,,,,,,,,,5.9
1954-06-01,,,,,,,,,5.6
1954-07-01,,0.8,390.996,,,2880.482,17701.0,2923.9749179838946,5.8
1954-08-01,,1.22,,,,,,,6.0
1954-09-01,,1.07,,,,,,,6.1
1954-10-01,,0.85,399.734,,,2936.852,17960.0,2941.999752878005,5.7
1954-11-01,,0.83,,,,,,,5.3
1954-12-01,,1.28,,,,,,,5.0
1955-01-01,,1.39,413.073,,,3020.746,18396.0,2959.7761996380686,4.9
1955-02-01,0.0,1.29,,,,,,,4.7
1955-03-01,0.0,1.35,,,,,,,4.6
1955-04-01,0.0,1.43,421.532,,,3069.91,18621.0,2979.062096651661,4.7
1955-05-01,0.0,1.43,,,,,,,4.3
1955-06-01,0.0,1.64,,,,,,,4.2
1955-07-01,0.3745318352059939,1.68,430.221,,,3111.379,18787.0,2998.026311752977,4.0
1955-08-01,0.0,1.96,,,,,,,4.2
1955-09-01,0.37313432835821,2.18,,,,,,,4.1
1955-10-01,0.0,2.24,437.092,,,3130.068,18808.0,3017.709772089412,4.3
1955-11-01,0.0,2.35,,,,,,,4.2
1955-12-01,-0.3717472118959121,2.48,,,,,,,4.2
1956-01-01,0.0,2.45,439.746,,,3117.922,18658.0,3037.4598942797747,4.0
1956-02-01,0.0,2.5,,,,,,,3.9
1956-03-01,0.0,2.5,,,,,,,4.2
1956-04-01,0.37313432835821,2.62,446.01,,,3143.694,18736.0,3056.686363127972,4.0
1956-05-01,0.3717472118959121,2.75,,,,,,,4.3
1956-06-01,0.740740740740744,2.71,,,,,,,4.3
1956-07-01,0.73529411764705,2.75,451.191,,,3140.874,18632.0,3076.747558063285,4.4
1956-08-01,-0.364963503649637,2.73,,,,,,,4.1
1956-09-01,0.366300366300368,2.95,,,,,,,3.9
1956-10-01,0.364963503649637,2.96,460.463,,,3192.57,18845.0,3098.079553748381,3.9
1956-11-01,0.0,2.88,,,,,,,4.3
1956-12-01,0.363636363636365,2.94,,,,,,,4.2
1957-01-01,0.0,2.84,469.779,,,3213.011,18881.0,3121.45876878156,4.2
1957-02-01,0.362318840579712,3.0,,,,,,,3.9
1957-03-01,0.361010830324911,2.96,,,,,,,3.7
1957-04-01,0.359712230215829,3.0,472.025,,,3205.97,18763.0,3146.9588594571783,3.9
1957-05-01,0.358422939068102,3.0,,,,,,,4.1
1957-06-01,0.357142857142859,3.0,,,,,,,4.3
1957-07-01,0.711743772241972,2.99,479.49,,,3237.386,18862.0,3173.926339071424,4.2
1957-08-01,0.0,3.24,,,,,,,4.1
1957-09-01,0.0,3.47,,,,,,,4.4
1957-10-01,0.0,3.5,474.864,,,3203.894,18582.0,3202.0484646123937,4.5
1957-11-01,0.353356890459365,3.28,,,,,,,5.1
1957-12-01,0.0,2.98,,,,,,,5.2
1958-01-01,0.704225352112668,2.72,467.54,,,3120.724,18032.0,3230.017116009108,5.8
1958-02-01,0.0,1.67,,,,,,,6.4
1958-03-01,0.699300699300702,1.2,,,,,,,6.7
1958-04-01,0.347222222222224,1.26,471.978,,,3141.224,18081.0,3258.4537581152504,7.4
1958-05-01,0.0,0.63,,,,,,,7.4
1958-06-01,0.0,0.93,,,,,,,7.3
1958-07-01,0.346020761245676,0.68,485.841,,,3213.884,18419.0,3287.085802823637,7.5
1958-08-01,-0.344827586206898,1.53,,,,,,,7.4
1958-09-01,0.0,1.76,,,,,,,7.1
1958-10-01,0.0,1.8,499.555,,,3289.032,18764.0,3317.432391075252,6.7
1958-11-01,0.346020761245676,2.27,,,,,,,6.2
1958-12-01,-0.344827586206898,2.42,,,,,,,6.2
1959-01-01,0.346020761245676,2.48,510.33,,,3352.129,19041.0,3348.864175658735,6.0
1959-02-01,-0.344827586206898,2.43,,,,,,,5.9
1959-03-01,0.0,2.8,,,,,,,5.6
1959-04-01,0.346020761245676,2.96,522.653,,,3427.667,19395.0,3382.3844990501893,5.2
1959-05-01,0.0,2.9,,,,,,,5.1
1959-06-01,0.344827586206898,3.39,,,,,,,5.0
1959-07-01,0.3436426116838499,3.47,525.034,,,3430.057,19326.0,3418.320069273353,5.1
1959-08-01,0.0,3.5,,,,,,,5.2
1959-09-01,0.342465753424659,3.76,,,,,,,5.5
1959-10-01,0.341296928327646,3.98,528.6,,,3439.832,19296.0,3454.772478769151,5.7
1959-11-01,0.0,4.0,,,,,,,5.8
1959-12-01,0.0,3.99,,,,,,,5.3
1960-01-01,-0.34013605442177,3.99,542.648,1.45797598627791,,3517.181,19614.0,3491.809423344375,5.2
1960-02-01,0.341296928327646,3.97,,,,,,,4.8
1960-03-01,0.0,3.84,,,,,,,5.4
1960-04-01,0.34013605442177,3.92,541.08,,,3498.246,19392.0,3527.8518161158336,5.2
1960-05-01,0.0,3.85,,,,,,,5.1
1960-06-01,0.3389830508474479,3.32,,,,,,,5.4
1960-07-01,0.0,3.23,545.604,,,3515.385,19390.0,3563.319768486865,5.5
1960-08-01,0.0,2.98,,,,,,,5.6
1960-09-01,0.0,2.6,,,,,,,5.5
1960-10-01,0.675675675675678,2.47,540.197,,,3470.278,19065.0,3597.5104219553687,6.1
1960-11-01,0.0,2.44,,,,,,,6.1
1960-12-01,0.0,1.98,,,,,,,6.6
1961-01-01,0.0,1.45,545.018,1.07072414764724,,3493.703,19130.0,3631.0973455617295,6.6
1961-02-01,0.0,2.54,,,,,,,6.9
1961-03-01,0.0,2.02,,,,,,,6.9
1961-04-01,0.0,1.49,555.545,,,3553.021,19380.0,3662.763437332922,7.0
1961-05-01,0.0,1.98,,,,,,,7.1
1961-06-01,0.0,1.73,,,,,,,6.9
1961-07-01,0.671140939597318,1.17,567.664,,,3621.252,19670.0,3695.587694750991,7.0
1961-08-01,-0.333333333333335,2.0,,,,,,,6.6
1961-09-01,0.334448160535118,1.88,,,,,,,6.7
1961-10-01,0.0,2.26,580.612,,,3692.289,19970.0,3729.378782068824,6.5
1961-11-01,0.0,2.61,,,,,,,6.1
1961-12-01,0.0,2.33,,,,,,,6.0
1962-01-01,0.0,2.15,594.013,1.19877334820186,,3758.147,20254.0,3765.797811774551,5.8
1962-02-01,0.333333333333335,2.37,,,,,,,5.5
1962-03-01,0.0,2.85,,,,,,,5.6
1962-04-01,0.3322259136212639,2.78,600.366,,,3792.149,20366.0,3805.3125821851854,5.6
1962-05-01,0.0,2.36,,,,,,,5.5
1962-06-01,0.0,2.68,,,,,,,5.5
1962-07-01,0.331125827814571,2.71,609.027,,,3838.776,20536.0,3847.253305997749,5.4
1962-08-01,0.0,2.93,,,,,,,5.7
1962-09-01,0.330033003300331,2.9,,,,,,,5.6
1962-10-01,0.0,2.9,612.28,,,3851.421,20521.0,3890.376304042204,5.4
1962-11-01,0.0,2.94,,,,,,,5.7
1962-12-01,0.0,2.93,,,,,,,5.5
1963-01-01,0.0,2.92,621.672,1.23966942148753,,3893.482,20677.0,3933.55516118128,5.7
1963-02-01,0.0,3.0,,,,,,,5.9
1963-03-01,0.328947368421054,2.98,,,,,,,5.7
1963-04-01,0.0,2.9,629.752,,,3937.183,20842.0,3976.3379327836974,5.7
1963-05-01,0.0,3.0,,,,,,,5.9
1963-06-01,0.327868852459018,2.99,,,,,,,5.6
1963-07-01,0.326797385620916,3.02,644.444,,,4023.755,21219.0,4018.959695297157,5.6
1963-08-01,0.0,3.49,,,,,,,5.4
1963-09-01,0.0,3.48,,,,,,,5.5
1963-10-01,0.3257328990228029,3.5,653.938,,,4050.147,21276.0,4062.06655803723,5.5
1963-11-01,0.0,3.48,,,,,,,5.7
1963-12-01,0.3246753246753259,3.38,,,,,,,5.5
1964-01-01,0.0,3.48,669.822,1.27891156462591,,4135.553,21657.0,4105.435953036787,5.6
1964-02-01,0.0,3.48,,,,,,,5.4
1964-03-01,0.0,3.43,,,,,,,5.4
1964-04-01,0.0,3.47,678.674,,,4180.592,21824.0,4150.330841843084,5.3
1964-05-01,0.0,3.5,,,,,,,5.1
1964-06-01,0.323624595469257,3.5,,,,,,,5.2
1964-07-01,0.322580645161292,3.42,692.031,,,4245.918,22085.0,4196.177090748073,4.9
1964-08-01,-0.32154340836013,3.5,,,,,,,5.0
1964-09-01,0.322580645161292,3.45,,,,,,,5.1
1964-10-01,0.0,3.36,697.319,,,4259.046,22075.0,4242.341352210441,5.1
1964-11-01,0.321543408360109,3.52,,,,,,,4.8
1964-12-01,0.0,3.85,,,,,,,5.0
1965-01-01,0.0,3.9,717.79,1.58516926383662,,4362.111,22547.0,4289.638061974458,4.9
1965-02-01,0.0,3.98,,,,,,,5.1
1965-03-01,0.320512820512822,4.05,,,,,,,4.7
1965-04-01,0.319488817891375,4.09,730.191,,,4417.225,22770.0,4335.758721867548,4.8
1965-05-01,0.0,4.1,,,,,,,4.6
1965-06-01,0.6369426751592379,4.05,,,,,,,4.6
1965-07-01,0.0,4.09,749.323,,,4515.427,23198.0,4383.183671483537,4.4
1965-08-01,0.0,4.12,,,,,,,4.4
1965-09-01,0.0,4.02,,,,,,,4.3
1965-10-01,0.316455696202533,4.08,771.857,,,4619.458,23656.0,4430.655646635879,4.2
1965-11-01,0.0,4.1,,,,,,,4.1
1965-12-01,0.315457413249213,4.32,,,,,,,4.0
1966-01-01,0.0,4.42,795.734,3.0150753768844,,4731.888,24172.0,4478.534802720446,4.0
1966-02-01,0.628930817610066,4.6,,,,,,,3.8
1966-03-01,0.312500000000001,4.66,,,,,,,3.8
1966-04-01,0.62305295950156,4.67,804.981,,,4748.046,24191.0,4526.5819491025895,3.8
1966-05-01,0.0,4.9,,,,,,,3.9
1966-06-01,0.309597523219816,5.17,,,,,,,3.8
1966-07-01,0.308641975308643,5.3,819.638,,,4788.254,24321.0,4575.410171895527,3.8
1966-08-01,0.6153846153846179,5.53,,,,,,,3.8
1966-09-01,0.0,5.4,,,,,,,3.7
1966-10-01,0.611620795107036,5.53,833.302,,,4827.537,24446.0,4624.436665322361,3.7
1966-11-01,0.0,5.76,,,,,,,3.6
1966-12-01,0.0,5.4,,,,,,,3.8
1967-01-01,0.0,4.94,844.17,2.77278562259309,,4870.299,24602.0,4675.219679762707,3.9
1967-02-01,0.0,5.0,,,,,,,3.8
1967-03-01,0.303951367781156,4.53,,,,,,,3.8
1967-04-01,0.3030303030303039,4.05,848.983,,,4873.287,24556.0,4727.676231784834,3.8
1967-05-01,0.302114803625359,3.94,,,,,,,3.8
1967-06-01,0.30120481927711,3.98,,,,,,,3.9
1967-07-01,0.3003003003003019,3.79,865.233,,,4919.392,24719.0,4781.42211583471,3.8
1967-08-01,0.299401197604792,3.9,,,,,,,3.8
1967-09-01,0.2985074626865679,3.99,,,,,,,3.8
1967-10-01,0.297619047619049,3.88,881.439,,,4956.477,24836.0,4836.595272941184,4.0
1967-11-01,0.2967359050445119,4.13,,,,,,,3.9
1967-12-01,0.295857988165682,4.51,,,,,,,3.8
1968-01-01,0.5899705014749289,4.61,909.387,4.27179615288537,,5057.553,25288.0,4891.940357443346,3.7
1968-02-01,0.293255131964811,4.71,,,,,,,3.8
1968-03-01,0.292397660818715,5.05,,,,,,,3.7
1968-04-01,0.291545189504355,5.76,934.344,,,5142.033,25652.0,4946.550003948992,3.5
1968-05-01,0.290697674418606,6.12,,,,,,,3.5
1968-06-01,0.5797101449275389,6.07,,,,,,,3.7
1968-07-01,0.576368876080694,6.03,950.825,,,5181.859,25781.0,5001.696850677182,3.7
1968-08-01,0.2865329512894,6.03,,,,,,,3.5
1968-09-01,0.285714285714287,5.78,,,,,,,3.4
1968-10-01,0.569800569800572,5.91,968.03,,,5202.212,25813.0,5057.171937724266,3.4
1968-11-01,0.283286118980171,5.82,,,,,,,3.4
1968-12-01,0.2824858757062159,6.02,,,,,,,3.4
1969-01-01,0.2816901408450529,6.3,993.337,5.46238620028745,,5283.597,26162.0,5110.844525651125,3.4
1969-02-01,0.561797752808991,6.61,,,,,,,3.4
1969-03-01,0.837988826815646,6.79,,,,,,,3.4
1969-04-01,0.5540166204986171,7.41,1009.02,,,5299.625,26181.0,5162.516814194178,3.4
1969-05-01,0.275482093663913,8.67,,,,,,,3.4
1969-06-01,0.549450549450552,8.9,,,,,,,3.5
1969-07-01,0.546448087431696,8.61,1029.956,,,5334.6,26281.0,5211.7147729901535,3.5
1969-08-01,0.5434782608695671,9.19,,,,,,,3.5
1969-09-01,0.270270270270271,9.15,,,,,,,3.7
1969-10-01,0.539083557951485,9.0,1038.147,,,5308.556,26076.0,5258.881293630155,3.7
1969-11-01,0.536193029490619,8.85,,,,,,,3.5
1969-12-01,0.533333333333318,8.97,,,,,,,3.5
1970-01-01,0.265251989389922,8.98,1051.2,5.83825533848251,,5300.652,25973.0,5304.070427236833,3.9
1970-02-01,0.5291005291005311,8.98,,,,,,,4.2
1970-03-01,0.5263157894736861,7.76,,,,,,,4.4
1970-04-01,0.785340314136129,8.1,1067.375,,,5308.164,25929.0,5347.137426621308,4.6
1970-05-01,0.259740259740261,7.95,,,,,,,4.8
1970-06-01,0.518134715025909,7.61,,,,,,,4.9
1970-07-01,0.515463917525775,7.21,1086.059,,,5357.077,26079.0,5389.231531937598,5.0
1970-08-01,0.0,6.62,,,,,,,5.1
1970-09-01,0.512820512820515,6.29,,,,,,,5.4
1970-10-01,0.5102040816326551,6.2,1088.608,,,5299.672,25710.0,5431.208643669215,5.5
1970-11-01,0.5076142131979551,5.6,,,,,,,5.9
1970-12-01,0.5050505050505071,4.9,,,,,,,6.1
1971-01-01,0.0,4.14,1135.156,4.29276668813051,,5443.619,26328.0,5474.87007906867,5.9
1971-02-01,0.251256281407036,3.72,,,,,,,5.9
1971-03-01,0.250626566416041,3.71,,,,,,,6.0
1971-04-01,0.250000000000001,4.16,1156.271,,,5473.059,26394.0,5521.341641373812,5.9
1971-05-01,0.498753117206985,4.63,,,,,,,5.9
1971-06-01,0.7444168734491341,4.91,,,,,,,5.9
1971-07-01,0.2463054187191969,5.31,1177.675,,,5518.072,26529.0,5569.31405166131,6.0
1971-08-01,0.2457002457002469,5.57,,,,,,,6.1
1971-09-01,0.0,5.55,,,,,,,6.0
1971-10-01,0.2450980392156869,5.2,1190.297,,,5531.032,26510.0,5617.418731483026,5.8
1971-11-01,0.0,4.91,,,,,,,6.0
1971-12-01,0.4889975550122271,4.14,,,,,,,6.0
1972-01-01,0.0,3.51,1230.609,3.27227824655283,,5632.649,26932.0,5664.390952910088,5.8
1972-02-01,0.486618004866182,3.3,,,,,,,5.7
1972-03-01,0.242130750605328,3.83,,,,,,,5.8
1972-04-01,0.241545893719808,4.17,1266.369,,,5760.47,27478.0,5709.165368090846,5.7
1972-05-01,0.240963855421688,4.27,,,,,,,5.7
1972-06-01,0.240384615384616,4.46,,,,,,,5.7
1972-07-01,0.479616306954438,4.55,1290.566,,,5814.854,27666.0,5752.679084228243,5.6
1972-08-01,0.238663484486859,4.81,,,,,,,5.6
1972-09-01,0.238095238095239,4.87,,,,,,,5.5
1972-10-01,0.475059382422805,5.05,1328.904,,,5912.22,28055.0,5796.132944078367,5.6
1972-11-01,0.2364066193853439,5.06,,,,,,,5.3
1972-12-01,0.2358490566037749,5.33,,,,,,,5.2
1973-01-01,0.23529411764706,5.94,1377.49,6.17776006377038,,6058.544,28687.0,5841.03291586763,4.9
1973-02-01,0.704225352112679,6.58,,,,,,,5.0
1973-03-01,0.932400932400936,7.09,,,,,,,4.9
1973-04-01,0.6928406466512729,7.12,1413.887,,,6124.506,28935.0,5889.392812192868,5.0
1973-05-01,0.6880733944954159,7.84,,,,,,,4.9
1973-06-01,0.6833712984054549,8.49,,,,,,,4.9
1973-07-01,0.2262443438914039,10.4,1433.838,,,6092.301,28711.0,5939.380852894292,4.8
1973-08-01,1.80586907449211,10.5,,,,,,,4.8
1973-09-01,0.2217294900221739,10.78,,,,,,,4.8
1973-10-01,0.884955752212393,10.01,1476.289,,,6150.131,28913.0,5991.006667040293,4.6
1973-11-01,0.657894736842108,10.03,,,,,,,4.8
1973-12-01,0.653594771241818,9.95,,,,,,,4.9
1974-01-01,0.865800865800869,9.65,1491.209,11.0548048048048,,6097.258,28606.0,6043.397120672455,5.1
1974-02-01,1.2875536480686598,8.97,,,,,,,5.2
1974-03-01,1.2711864406779698,9.35,,,,,,,5.1
1974-04-01,0.418410041841006,10.51,1530.056,,,6111.751,28613.0,6095.982936382176,5.1
1974-05-01,1.24999999999999,11.31,,,,,,,5.1
1974-06-01,0.823045267489716,11.93,,,,,,,5.4
1974-07-01,0.8163265306122479,12.92,1560.026,,,6053.978,28270.0,6147.694309144877,5.5
1974-08-01,1.21457489878543,12.01,,,,,,,5.5
1974-09-01,1.19999999999999,11.34,,,,,,,5.9
1974-10-01,0.9881422924901228,10.06,1599.679,,,6030.464,28088.0,6198.816224406326,6.0
1974-11-01,0.7827788649706491,9.45,,,,,,,6.6
1974-12-01,0.776699029126217,8.53,,,,,,,7.2
1975-01-01,0.3853564547206179,7.13,1616.116,9.14314686496535,,5957.035,27690.0,6248.917232720529,8.1
1975-02-01,0.7677543186180329,6.24,,,,,,,8.1
1975-03-01,0.380952380952383,5.54,,,,,,,8.6
1975-04-01,0.379506641366226,5.49,1651.853,,,5999.61,27821.0,6298.432711607687,8.8
1975-05-01,0.567107750472592,5.22,,,,,,,9.0
1975-06-01,0.751879699248124,5.55,,,,,,,8.8
1975-07-01,1.11940298507463,6.1,1709.82,,,6102.326,28214.0,6347.675316519736,8.6
1975-08-01,0.184501845018451,6.14,,,,,,,8.4
1975-09-01,0.5524861878452939,6.24,,,,,,,8.4
1975-10-01,0.549450549450552,5.82,1761.831,,,6184.53,28520.0,6396.919595825258,8.4
1975-11-01,0.7285974499089279,5.22,,,,,,,8.3
1975-12-01,0.361663652802895,5.2,,,,,,,8.2
1976-01-01,0.180180180180181,4.87,1820.487,5.74481263549085,,6323.649,29099.0,6445.588479604985,7.9
1976-02-01,0.359712230215829,4.77,,,,,,,7.7
1976-03-01,0.179211469534051,4.84,,,,,,,7.6
1976-04-01,0.357781753130592,4.82,1852.332,,,6370.025,29250.0,6494.429566085238,7.7
1976-05-01,0.7130124777183391,5.29,,,,,,,7.4
1976-06-01,0.530973451327436,5.48,,,,,,,7.6
1976-07-01,0.5281690140845089,5.31,1886.558,,,6404.895,29335.0,6544.371352731758,7.8
1976-08-01,0.525394045534141,5.29,,,,,,,7.8
1976-09-01,0.34843205574913,5.25,,,,,,,7.6
1976-10-01,0.5208333333333359,5.02,1934.273,,,6451.177,29469.0,6594.937087377887,7.7
1976-11-01,0.172711571675303,4.95,,,,,,,7.8
1976-12-01,0.344827586206898,4.65,,,,,,,7.8
1977-01-01,0.515463917525775,4.61,1988.648,6.5016839947284,,6527.703,29749.0,6647.491698930122,7.5
1977-02-01,1.02564102564103,4.68,,,,,,,7.6
1977-03-01,0.676818950930618,4.69,,,,,,,7.4
1977-04-01,0.840336134453785,4.73,2055.909,,,6654.466,30254.0,6701.716062884974,7.2
1977-05-01,0.500000000000002,5.35,,,,,,,7.0
1977-06-01,0.6633499170812629,5.39,,,,,,,7.2
1977-07-01,0.4942339373970371,5.42,2118.473,,,6774.457,30713.0,6757.0967562431015,6.9
1977-08-01,0.327868852459018,5.9,,,,,,,7.0
1977-09-01,0.326797385620916,6.14,,,,,,,6.8
1977-10-01,0.3257328990228029,6.47,2164.27,,,6774.592,30626.0,6814.1531570700345,6.8
1977-11-01,0.487012987012989,6.51,,,,,,,6.8
1977-12-01,0.323101777059775,6.56,,,,,,,6.4
1978-01-01,0.6441223832528,6.7,2202.76,7.63096383885606,,6796.26,30653.0,6872.575345279892,6.4
1978-02-01,0.6400000000000029,6.78,,,,,,,6.3
1978-03-01,0.7949125596184449,6.79,,,,,,,6.3
1978-04-01,0.788643533123032,6.89,2331.633,,,7058.92,31757.0,6931.925241334588,6.1
1978-05-01,0.938967136150239,7.36,,,,,,,6.0
1978-06-01,1.08527131782946,7.6,,,,,,,5.9
1978-07-01,0.7668711656441751,7.81,2395.053,,,7129.915,31982.0,6992.74508689625,6.2
1978-08-01,0.4566210045662121,8.04,,,,,,,5.9
1978-09-01,0.7575757575757409,8.45,,,,,,,6.0
1978-10-01,0.902255639097748,8.96,2476.949,,,7225.75,32318.0,7054.840990784539,5.8
1978-11-01,0.447093889716842,9.76,,,,,,,5.9
1978-12-01,0.445103857566767,10.03,,,,,,,6.0
1979-01-01,0.8862629246676551,10.07,2526.61,11.2544711292795,,7238.727,32294.0,7119.064398807631,5.9
1979-02-01,1.1713030746705602,10.06,,,,,,,5.9
1979-03-01,1.01302460202605,10.09,,,,,,,5.8
1979-04-01,1.1461318051576,10.01,2591.247,,,7246.454,32244.0,7181.644829231282,5.8
1979-05-01,1.27478753541075,10.24,,,,,,,5.6
1979-06-01,1.11888111888112,10.29,,,,,,,5.7
1979-07-01,1.1065006915629398,10.47,2667.565,,,7300.281,32386.0,7241.208245028411,5.7
1979-08-01,0.95759233926129,10.94,,,,,,,6.0
1979-09-01,1.08401084010841,11.43,,,,,,,5.9
1979-10-01,0.8042895442359109,13.77,2723.883,,,7318.535,32366.0,7296.781864358525,6.0
1979-11-01,0.930851063829791,13.18,,,,,,,5.9
1979-12-01,1.0540184453228,13.78,,,,,,,6.0
1980-01-01,1.43415906127771,13.82,2789.842,13.5492019749684,,7341.557,32377.0,7347.149549168098,6.3
1980-02-01,1.41388174807199,14.13,,,,,,,6.3
1980-03-01,1.52091254752851,17.19,,,,,,,6.3
1980-04-01,1.1235955056179798,17.61,2797.352,,,7190.289,31621.0,7391.46700811808,6.9
1980-05-01,0.9876543209876422,10.98,,,,,,,7.5
1980-06-01,1.1002444987775102,9.47,,,,,,,7.6
1980-07-01,0.0,9.03,2856.483,,,7181.743,31489.0,7429.867945147332,7.8
1980-08-01,0.725513905683195,9.61,,,,,,,7.7
1980-09-01,0.840336134453769,10.87,,,,,,,7.5
1980-10-01,0.952380952380956,12.81,2985.557,,,7315.677,31990.0,7470.008131567184,7.5
1980-11-01,0.825471698113211,15.85,,,,,,,7.5
1980-12-01,0.935672514619887,18.9,,,,,,,7.2
1981-01-01,0.8111239860950211,19.08,3124.206,10.3347153402771,,7459.022,32550.0,7512.11129933645,7.5
1981-02-01,1.03448275862069,15.93,,,,,,,7.4
1981-03-01,0.6825938566552779,14.7,,,,,,,7.4
1981-04-01,0.677966101694918,15.72,3162.532,,,7403.745,32236.0,7560.539227980742,7.2
1981-05-01,0.7856341189674559,18.52,,,,,,,7.5
1981-06-01,0.8908685968819641,19.1,,,,,,,7.5
1981-07-01,1.1037527593819,19.04,3260.609,,,7492.405,32533.0,7611.880792521194,7.2
1981-08-01,0.76419213973798,17.82,,,,,,,7.4
1981-09-01,0.975081256771402,15.87,,,,,,,7.6
1981-10-01,0.214592274678112,15.08,3280.818,,,7410.768,32095.0,7666.119259547203,7.9
1981-11-01,0.3211991434689519,13.31,,,,,,,8.3
1981-12-01,0.320170757737447,12.37,,,,,,,8.5
1982-01-01,0.319148936170214,13.22,3274.302,6.13142700027493,,7295.631,31529.0,7722.489798240562,8.6
1982-02-01,0.318133616118771,14.78,,,,,,,8.9
1982-03-01,-0.105708245243129,14.68,,,,,,,9.0
1982-04-01,0.423280423280425,14.94,3331.972,,,7328.912,31603.0,7780.375549942754,9.3
1982-05-01,0.948366701791363,14.45,,,,,,,9.4
1982-06-01,1.25260960334028,14.15,,,,,,,9.6
1982-07-01,0.515463917525775,12.59,3366.322,,,7300.896,31402.0,7839.484376554082,9.8
1982-08-01,0.205128205128206,10.12,,,,,,,9.8
1982-09-01,0.2047082906857739,10.31,,,,,,,10.1
1982-10-01,0.306435137895813,9.71,3402.561,,,7303.817,31337.0,7899.930112733643,10.4
1982-11-01,-0.203665987780042,9.2,,,,,,,10.8
1982-12-01,-0.4081632653061239,8.95,,,,,,,10.8
1983-01-01,0.204918032786886,8.68,3473.413,3.21243523316065,5.01465339985201,7400.066,31686.0,7960.304811789574,10.4
1983-02-01,0.1022494887525569,8.51,,,4.95254511658214,,,,10.4
1983-03-01,0.0,8.77,,,3.61226055575943,,,,10.3
1983-04-01,0.715015321756898,8.8,3578.848,,4.82805415199952,7568.456,32340.0,8022.2961828798,10.2
1983-05-01,0.608519269776879,8.63,,,3.76732629829308,,,,10.1
1983-06-01,0.3024193548387109,8.98,,,2.44129775124315,,,,10.1
1983-07-01,0.402010050251258,9.37,3689.179,,3.69758219019019,7719.746,32906.0,8086.217728939871,9.4
1983-08-01,0.3003003003003019,9.56,,,4.8969903682566205,,,,9.5
1983-09-01,0.4990019960079729,9.45,,,4.8378278722189805,,,,9.2
1983-10-01,0.297914597815294,9.48,3794.706,,4.70970672176305,7880.794,33513.0,8152.89930992665,8.8
1983-11-01,0.1980198019801989,9.34,,,4.88207173553306,,,,8.5
1983-12-01,0.0988142292490123,9.47,,,3.62676569355638,,,,8.3
1984-01-01,0.592300098716673,9.56,3908.054,4.30053547523429,4.8524904574294405,8034.847,34103.0,8222.371869757519,8.0
1984-02-01,0.49067713444555,9.59,,,4.6323774287993205,,,,7.8
1984-03-01,0.195312500000001,9.91,,,3.9232261628567,,,,7.8
1984-04-01,0.487329434697845,10.29,4009.601,,4.47375381987558,8173.67,34622.0,8294.655233715264,7.7
1984-05-01,0.2909796314258139,10.32,,,3.3975048040301203,,,,7.4
1984-06-01,0.290135396518364,11.06,,,4.54047640450119,,,,7.2
1984-07-01,0.385728061716492,11.23,4084.25,,4.70970672176305,8252.465,34871.0,8368.841866005307,7.5
1984-08-01,0.384245917387129,11.64,,,4.69130811372347,,,,7.5
1984-09-01,0.4784688995215329,11.3,,,4.47687654026121,,,,7.3
1984-10-01,0.285714285714287,9.99,4148.551,,3.4965341186496497,8320.199,35072.0,8444.488996893508,7.4
1984-11-01,0.0,9.43,,,2.60802524955723,,,,7.2
1984-12-01,0.0,8.38,,,3.5203139041378497,,,,7.3
1985-01-01,0.189933523266857,8.35,4230.168,3.54564415209365,3.07490272291309,8400.82,35346.0,8520.776500957843,7.3
1985-02-01,0.473933649289102,8.5,,,5.60339750649217,,,,7.2
1985-03-01,0.377358490566039,8.58,,,4.714338130800599,,,,7.2
1985-04-01,0.469924812030065,8.27,4294.887,,4.49361632464027,8474.787,35582.0,8597.529524582835,7.3
1985-05-01,0.37418147801684,7.97,,,3.30709306957033,,,,7.2
1985-06-01,0.279589934762362,7.53,,,4.93736852619913,,,,7.4
1985-07-01,0.185873605947956,7.88,4386.773,,2.4314834419624702,8604.22,36033.0,8674.318459482858,7.4
1985-08-01,0.1855287569573289,7.9,,,3.459635634645549,,,,7.1
1985-09-01,0.2777777777777669,7.92,,,3.4496080178934503,,,,7.1
1985-10-01,0.3693444136657449,7.99,4444.094,,3.4628544852426404,8668.188,36210.0,8750.702428211027,7.1
1985-11-01,0.275988960441584,8.05,,,5.39203871117875,,,,7.0
1985-12-01,0.275229357798166,8.27,,,3.08316960669681,,,,7.0
1986-01-01,0.274473924977128,8.14,4507.894,1.89804772234276,4.42330037720973,8749.127,36476.0,8826.453132218017,6.7
1986-02-01,-0.273722627737227,7.86,,,3.17019109552263,,,,7.2
1986-03-01,-0.4574565416285349,7.48,,,4.38684814912311,,,,7.2
1986-04-01,-0.183823529411765,6.99,4545.34,,4.16962440517514,8788.524,36563.0,8901.68499377897,7.1
1986-05-01,0.2762430939226409,6.85,,,2.24297330698615,,,,7.2
1986-06-01,0.550964187327826,6.92,,,3.39428781716422,,,,7.2
1986-07-01,0.0,6.56,4607.669,,4.01960626544133,8872.601,36822.0,8976.738814011691,7.0
1986-08-01,0.182648401826473,6.17,,,3.28286363623527,,,,6.9
1986-09-01,0.4557885141294579,5.89,,,4.0014431118512,,,,7.0
1986-10-01,0.0907441016333822,5.85,4657.627,,4.17062103943193,8920.193,36931.0,9051.447259571212,7.0
1986-11-01,0.090661831369006,6.04,,,4.60573723276012,,,,6.9
1986-12-01,0.090579710144916,6.91,,,3.92745273377464,,,,6.6
1987-01-01,0.633484162895942,6.43,4722.156,3.6645632175169,5.35829784555726,8986.367,37132.0,9125.707602326183,6.6
1987-02-01,0.359712230215829,6.1,,,3.337758063505,,,,6.6
1987-03-01,0.4480286738351149,6.13,,,3.7989855746732,,,,6.6
1987-04-01,0.535236396074935,6.37,4806.16,,4.732865770015731,9083.256,37454.0,9199.50738407519,6.3
1987-05-01,0.3549245785270639,6.85,,,4.5063604166125,,,,6.3
1987-06-01,0.353669319186562,6.73,,,2.8685574671557497,,,,6.2
1987-07-01,0.26431718061673,6.58,4884.555,,4.18781448084542,9162.024,37685.0,9272.934427672935,6.1
1987-08-01,0.5272407732864579,6.73,,,3.3130276025440604,,,,6.0
1987-09-01,0.524475524475527,7.22,,,5.2275814008822,,,,5.9
1987-10-01,0.260869565217404,7.29,5007.994,,3.78495509165797,9319.332,38238.0,9346.699627107131,6.0
1987-11-01,0.0867302688638224,6.69,,,3.3252684401102104,,,,5.8
1987-12-01,0.0,6.77,,,2.84011303455471,,,,5.7
1988-01-01,0.259965337954952,6.83,5073.372,4.07774110744413,3.3185913873762,9367.502,38359.0,9420.119450572343,5.7
1988-02-01,0.259291270527215,6.58,,,2.90883516980707,,,,5.7
1988-03-01,0.4310344827586339,6.58,,,4.41918005237509,,,,5.7
1988-04-01,0.5150214592274699,6.87,5190.036,,4.73749799282637,9490.594,38782.0,9494.034893815831,5.4
1988-05-01,0.3415883859948779,7.09,,,3.41359123842682,,,,5.6
1988-06-01,0.4255319148936079,7.51,,,4.67303747445387,,,,5.4
1988-07-01,0.423728813559324,7.75,5282.835,,4.5707267155337306,9546.206,38908.0,9568.099297442566,5.4
1988-08-01,0.4219409282700329,8.01,,,5.27348496252884,,,,5.6
1988-09-01,0.6722689075630279,8.19,,,5.00938206866559,,,,5.4
1988-10-01,0.333889816360602,8.3,5399.509,,4.27269773492314,9673.405,39328.0,9642.593857538424,5.4
1988-11-01,0.0831946755407767,8.35,,,2.9566454722601603,,,,5.3
1988-12-01,0.166251039068995,8.76,,,3.95007987430633,,,,5.3
1989-01-01,0.497925311203322,9.12,5511.253,4.82700303008944,4.6814217758314,9771.725,39648.0,9717.080217838988,5.4
1989-02-01,0.41288191577208,9.36,,,5.20947642461538,,,,5.2
1989-03-01,0.5756578947368549,9.85,,,5.03461040058517,,,,5.0
1989-04-01,0.6541291905151291,9.84,5612.463,,4.87906302071213,9846.293,39861.0,9791.538188786051,5.2
1989-05-01,0.56864337936636,9.81,,,5.38800927445156,,,,5.2
1989-06-01,0.242326332794821,9.53,,,3.85500115848694,,,,5.3
1989-07-01,0.241740531829182,9.24,5695.365,,5.814260243977491,9919.228,40046.0,9856.68941637144,5.2
1989-08-01,0.160771704180044,8.99,,,2.8558736840949,,,,5.2
1989-09-01,0.321027287319424,9.02,,,3.47288290755019,,,,5.3
1989-10-01,0.480000000000002,8.84,5747.237,,5.16912809772758,9938.767,40015.0,9932.27863322103,5.3
1989-11-01,0.2388535031847039,8.55,,,4.1625237636602,,,,5.4
1989-12-01,0.158856235107229,8.45,,,3.7701813758958,,,,5.4
1990-01-01,1.03092783505156,8.23,5872.701,5.39795643990325,5.216139934786219,10047.386,40361.0,10006.568518061174,5.4
1990-02-01,0.470957613814759,8.24,,,4.981650393083201,,,,5.3
1990-03-01,0.546874999999992,8.28,,,5.2504678803871,,,,5.2
1990-04-01,0.155400155400176,8.26,5960.028,,5.3143738222831205,10083.855,40382.0,10079.193683426787,5.4
1990-05-01,0.2327385570209169,8.18,,,3.96649380723344,,,,5.4
1990-06-01,0.5417956656347079,8.29,,,5.6279993107079,,,,5.2
1990-07-01,0.384911470361808,8.15,6015.116,,5.30267168754286,10090.569,40266.0,10149.425927599625,5.5
1990-08-01,0.92024539877301,8.13,,,5.66560606341413,,,,5.7
1990-09-01,0.83586626139817,8.2,,,2.8167227080654595,,,,5.9
1990-10-01,0.602863602110005,8.11,6004.733,,4.55335048443914,9998.704,39759.0,10217.2256257243,5.9
1990-11-01,0.224719101123606,7.81,,,3.61399611524087,,,,6.2
1990-12-01,0.0,7.31,,,5.05582611888307,,,,6.3
1991-01-01,0.5979073243647061,6.91,6035.178,4.23496396453849,5.5627844862673,9951.916,39451.0,10283.010879963522,6.4
1991-02-01,0.1485884101040319,6.25,,,4.3550241753906,,,,6.6
1991-03-01,0.1483679525222559,6.12,,,3.65528536937658,,,,6.8
1991-04-01,0.148148148148129,5.91,6126.862,,3.37276123638892,10029.51,39632.0,10346.85953271758,6.7
1991-05-01,0.295857988165682,5.78,,,4.46850763239142,,,,6.9
1991-06-01,0.294985250737484,5.9,,,2.90193641246452,,,,6.9
1991-07-01,0.147058823529393,5.82,6205.937,,4.44203031238106,10080.195,39691.0,10409.384121426969,6.8
1991-08-01,0.293685756240824,5.66,,,3.08983246488028,,,,6.9
1991-09-01,0.439238653001466,5.45,,,4.0654000776027,,,,6.9
1991-10-01,0.145772594752206,5.21,6264.54,,2.3353501360496898,10115.329,39694.0,10471.642872616025,7.0
1991-11-01,0.291120815138284,4.81,,,4.29177716897127,,,,7.0
1991-12-01,0.0725689404934595,4.43,,,2.64599695624381,,,,7.3
1992-01-01,0.145032632342278,4.03,6363.102,3.02881967814969,1.73273035529145,10236.435,40051.0,10533.754722186615,7.3
1992-02-01,0.362056480810998,4.06,,,2.58885958946806,,,,7.4
1992-03-01,0.5050505050505361,3.98,,,3.78706590402491,,,,7.4
1992-04-01,0.143575017946859,3.73,6470.763,,2.42829426223232,10347.429,40350.0,10596.596075537069,7.4
1992-05-01,0.143369175627241,3.82,,,2.80232154164044,,,,7.6
1992-06-01,0.3579098067286961,3.76,,,4.28890893910334,,,,7.8
1992-07-01,0.213980028530681,3.25,6566.641,,1.77845400998218,10449.673,40599.0,10660.762526064991,7.7
1992-08-01,0.284697508896798,3.3,,,2.1172726558109902,,,,7.6
1992-09-01,0.283889283179561,3.22,,,1.8647095813975096,,,,7.6
1992-10-01,0.353857041755123,3.1,6680.803,,3.78383780857443,10558.648,40881.0,10725.823702416466,7.3
1992-11-01,0.141043723554302,3.09,,,3.27594189784477,,,,7.4
1992-12-01,-0.0704225352112772,2.92,,,1.87801390592812,,,,7.4
1993-01-01,0.4933051444679279,3.02,6729.459,2.95165696638559,3.442923847625749,10576.275,40829.0,10791.841303819188,7.3
1993-02-01,0.350631136044892,3.03,,,2.29662586946326,,,,7.1
1993-03-01,0.34940600978336,3.07,,,1.7007959361273102,,,,7.0
1993-04-01,0.278551532033427,2.96,6808.939,,4.09652033621579,10637.847,40942.0,10859.658680230026,7.1
1993-05-01,0.138888888888889,3.0,,,2.97550405217233,,,,7.1
1993-06-01,0.138696255201128,3.04,,,2.54857377980864,,,,7.0
1993-07-01,0.0,3.06,6882.098,,1.68885336227953,10688.606,40997.0,10928.482735745143,6.9
1993-08-01,0.2770083102493089,3.03,,,2.52892755090932,,,,6.8
1993-09-01,0.207182320441981,3.09,,,2.3340019137216204,,,,6.7
1993-10-01,0.413507925568557,2.99,7013.738,,3.6998153130413103,10833.987,41423.0,10998.28839890448,6.8
1993-11-01,0.0686341798215785,3.02,,,3.6360647138418094,,,,6.6
1993-12-01,0.0,2.96,,,2.8177074707488297,,,,6.5
1994-01-01,0.274348422496554,3.05,7115.652,2.60744159215453,2.71177185775588,10939.116,41713.0,11068.947189839351,6.6
1994-02-01,0.34199726402188,3.25,,,3.6058143013175,,,,6.6
1994-03-01,0.340831629175198,3.34,,,2.17453638595826,,,,6.5
1994-04-01,0.135869565217392,3.56,7246.931,,2.5146859806895803,11087.361,42154.0,11140.343521101777,6.4
1994-05-01,0.0678426051560472,4.01,,,2.90181334741006,,,,6.1
1994-06-01,0.33898305084745,4.25,,,2.8947919642116497,,,,6.1
1994-07-01,0.270270270270271,4.26,7331.075,,2.0694530806578504,11152.176,42264.0,11213.206264654,6.1
1994-08-01,0.4043126684636139,4.47,,,3.5187037719115697,,,,6.0
1994-09-01,0.268456375838927,4.73,,,3.74709367119364,,,,5.9
1994-10-01,0.0669344042838109,4.76,7455.288,,2.22031958593512,11279.932,42618.0,11287.170028853692,5.8
1994-11-01,0.13377926421403,5.29,,,4.39209057745666,,,,5.6
1994-12-01,0.0,5.45,,,1.21608593151488,,,,5.5
1995-01-01,0.400801603206414,5.53,7522.289,2.80541968853662,4.18619483418634,11319.951,42654.0,11361.822811563516,5.6
1995-02-01,0.3992015968063889,5.92,,,3.3376345207508904,,,,5.4
1995-03-01,0.331345261762749,5.98,,,3.26457127001425,,,,5.4
1995-04-01,0.330250990752982,6.05,7580.997,,3.65850979935234,11353.721,42660.0,11437.846726697,5.8
1995-05-01,0.197498354180374,6.01,,,3.5594625767825896,,,,5.6
1995-06-01,0.197109067017092,6.0,,,2.09953665851426,,,,5.6
1995-07-01,0.0,5.85,7683.125,,3.03271532641816,11450.31,42885.0,11514.704122545112,5.7
1995-08-01,0.2622950819672139,5.74,,,2.94234945083716,,,,5.7
1995-09-01,0.196206671026807,5.8,,,3.2632119535976,,,,5.6
1995-10-01,0.326370757180149,5.76,7772.586,,3.22700732941383,11528.067,43044.0,11593.611621701011,5.5
1995-11-01,-0.0650618087182741,5.8,,,2.66922899078137,,,,5.6
1995-12-01,-0.0651041666666584,5.6,,,2.5796467388820004,,,,5.6
1996-01-01,0.586319218241036,5.56,7868.468,2.93120419993441,3.77576772431056,11614.418,43259.0,11674.216233014651,5.6
1996-02-01,0.3238341968912019,5.22,,,2.6189607116124103,,,,5.5
1996-03-01,0.516462233699146,5.31,,,3.1105647730186496,,,,5.5
1996-04-01,0.385356454720635,5.22,8032.84,,3.13327571333888,11808.14,43856.0,11760.113983771347,5.6
1996-05-01,0.191938579654503,5.24,,,2.9377900582841403,,,,5.6
1996-06-01,0.0638569604086764,5.27,,,2.51124866161314,,,,5.3
1996-07-01,0.191448627951509,5.4,8131.408,,3.1963724632271004,11914.063,44105.0,11852.4657305572,5.5
1996-08-01,0.19108280254778,5.22,,,2.3215009912297,,,,5.1
1996-09-01,0.317863954227583,5.3,,,3.13018982525812,,,,5.2
1996-10-01,0.316856780735101,5.24,8259.771,,2.8819818031793303,12037.775,44421.0,11951.077903825388,5.2
1996-11-01,0.1895135818066889,5.31,,,3.4965341186496497,,,,5.4
1996-12-01,0.0,5.29,,,2.20024121572453,,,,5.4
1997-01-01,0.315258511979816,5.25,8362.655,2.33768993730735,3.02617905351408,12115.472,44590.0,12055.79474049288,5.3
1997-02-01,0.314267756128231,5.19,,,2.34294951187677,,,,5.2
1997-03-01,0.250626566416041,5.39,,,2.95319457160124,,,,5.2
1997-04-01,0.124999999999984,5.51,8518.825,,2.9877083499694,12317.221,45203.0,12165.991891986052,5.1
1997-05-01,-0.0624219725343241,5.5,,,2.63567345485551,,,,4.9
1997-06-01,0.124921923797643,5.56,,,2.49848264690866,,,,5.0
1997-07-01,0.124766063630677,5.52,8662.823,,2.02617633760405,12471.01,45616.0,12282.13962359006,4.9
1997-08-01,0.186915887850476,5.54,,,2.31561868855912,,,,4.8
1997-09-01,0.248756218905457,5.54,,,2.53199694313149,,,,4.9
1997-10-01,0.248138957816378,5.5,8765.907,,2.48154492879276,12577.495,45862.0,12403.091482098456,4.7
1997-11-01,-0.061881188118804,5.52,,,2.7079596776415897,,,,4.6
1997-12-01,-0.12383900928791,5.5,,,3.06873423353,,,,4.7
1998-01-01,0.185988840669536,5.56,8866.48,1.55227909874364,2.42179277848711,12703.742,46204.0,12528.530888617106,4.6
1998-02-01,0.185643564356445,5.51,,,2.87065094209522,,,,4.6
1998-03-01,0.1852995676343349,5.49,,,2.44301532251741,,,,4.7
1998-04-01,0.184956843403215,5.45,8969.699,,2.2748187478653,12821.339,46504.0,12658.992515858536,4.3
1998-05-01,0.184615384615393,5.49,,,3.03777216799082,,,,4.4
1998-06-01,0.1228501228501229,5.56,,,3.12389474765322,,,,4.5
1998-07-01,0.1226993865030519,5.54,9121.097,,3.21477716314102,12982.752,46943.0,12792.919917948158,4.5
1998-08-01,0.12254901960786,5.55,,,3.3717716016433705,,,,4.5
1998-09-01,0.122399020807818,5.51,,,3.1662397199017995,,,,4.6
1998-10-01,0.24449877750613,5.07,9293.991,,3.33701606701728,13191.67,47555.0,12930.454186030614,4.5
1998-11-01,0.0,4.83,,,2.1930187838977,,,,4.4
1998-12-01,-0.0609756097561058,4.68,,,1.9936687234930897,,,,4.4
1999-01-01,0.244051250762677,4.63,9411.682,2.18802719697358,1.54917204327125,13315.597,47880.0,13071.535334705315,4.3
1999-02-01,0.121728545343868,4.76,,,1.74041061308616,,,,4.4
1999-03-01,0.303951367781164,4.81,,,1.84262079989537,,,,4.2
1999-04-01,0.7272727272727141,4.74,9526.21,,2.67599038238358,13426.748,48148.0,13215.180024333278,4.3
1999-05-01,0.0,4.74,,,1.7151774759723402,,,,4.2
1999-06-01,0.0,4.76,,,1.18284460497857,,,,4.3
1999-07-01,0.300842358604085,4.99,9686.626,,2.39370686970688,13604.771,48632.0,13360.999676380285,4.3
1999-08-01,0.2399520095980969,5.07,,,2.3615824284601,,,,4.2
1999-09-01,0.478755236385384,5.22,,,2.4805631178883303,,,,4.2
1999-10-01,0.178677784395466,5.2,9900.169,,1.69360586521141,13827.98,49281.0,13508.997005238016,4.1
1999-11-01,0.0594530321046454,5.42,,,2.18775527240926,,,,4.1
1999-12-01,0.0,5.3,,,2.6023734453745497,,,,4.0
2000-01-01,0.297088532382659,5.45,10002.179,3.37685727149929,3.85177112617523,13878.147,49335.0,13657.90971844553,4.0
2000-02-01,0.5924170616113771,5.73,,,2.78558392501993,,,,4.1
2000-03-01,0.8244994110718371,5.85,,,3.41680877584016,,,,4.0
2000-04-01,0.058411214953279,6.02,10247.72,,2.27690126641777,14130.908,50109.0,13802.557909996083,3.8
2000-05-01,0.116754232340923,6.27,,,2.85353384475986,,,,4.0
2000-06-01,0.524781341107882,6.53,,,3.14253450270141,,,,4.0
2000-07-01,0.23201856148492,6.54,10318.165,,3.4363633527404702,14145.312,50024.0,13940.660485459985,4.0
2000-08-01,0.0,6.5,,,2.87570061509343,,,,4.1
2000-09-01,0.5208333333333119,6.52,,,3.06873423353,,,,3.9
2000-10-01,0.1727115716753109,6.51,10435.744,,2.7010732653574503,14229.765,50190.0,14071.40193345432,3.9
2000-11-01,0.0574712643678088,6.51,,,2.65177399972001,,,,3.9
2000-12-01,-0.0574382538770748,6.4,,,3.2964610225159103,,,,3.9
2001-01-01,0.632183908045972,5.98,10470.231,2.82617111885407,4.0764778317574,14183.12,49911.0,14194.982061117891,4.2
2001-02-01,0.39977155910909,5.49,,,2.8367889543748905,,,,4.2
2001-03-01,0.2275312855517489,5.31,,,2.99214660516078,,,,4.3
2001-04-01,0.3972758229285,4.8,10599.0,,3.14463308812682,14271.694,50105.0,14311.539722786703,4.4
2001-05-01,0.4522328999434579,4.21,,,3.5011161919658704,,,,4.3
2001-06-01,0.16882386043895,3.97,,,3.52180031475502,,,,4.5
2001-07-01,-0.2808988764044881,3.77,10598.02,,2.4350411076885496,14214.516,49774.0,14421.269310856644,4.6
2001-08-01,0.0,3.65,,,3.80544284558475,,,,4.9
2001-09-01,0.450704225352114,3.07,,,2.78250757475318,,,,5.0
2001-10-01,-0.33651149747618,2.49,10660.465,,4.18407658200821,14253.574,49783.0,14525.2256684961,5.3
2001-11-01,-0.168823860438935,2.09,,,3.4431714115967296,,,,5.5
2001-12-01,-0.394588500563707,1.82,,,2.47528603199942,,,,5.7
2002-01-01,0.2263723825693279,1.73,10783.5,1.58603162650601,2.7615896715014903,14372.785,50091.0,14624.00334547519,5.7
2002-02-01,0.395256916996071,1.74,,,3.38352407504046,,,,5.7
2002-03-01,0.562429696287966,1.73,,,2.8726214230371,,,,5.7
2002-04-01,0.559284116331084,1.75,10887.46,,2.67648214481753,14460.848,50286.0,14719.438901074744,5.9
2002-05-01,0.0,1.75,,,2.42019843819257,,,,5.8
2002-06-01,0.0556173526140231,1.75,,,2.5025331988713,,,,5.8
2002-07-01,0.111172873818774,1.73,10984.04,,2.24505523113134,14519.633,50362.0,14813.102098646215,5.8
2002-08-01,0.333148250971684,1.74,,,2.28572177593909,,,,5.7
2002-09-01,0.16602102933039,1.75,,,2.71779789775748,,,,5.7
2002-10-01,0.165745856353599,1.75,11061.433,,2.31390307533894,14537.58,50302.0,14905.535686049085,5.7
2002-11-01,0.0,1.34,,,1.9109760074518305,,,,5.9
2002-12-01,-0.220628792057364,1.24,,,3.01261428455382,,,,6.0
2003-01-01,0.442233278054161,1.24,11174.129,2.27009497336115,2.18139042769816,14614.141,50462.0,14997.837108045062,5.8
2003-02-01,0.770500825536602,1.26,,,1.9758302344968104,,,,5.9
2003-03-01,0.600764609502999,1.25,,,1.12621180925949,,,,5.9
2003-04-01,-0.2171552660151869,1.26,11312.766,,0.553036890472014,14743.567,50796.0,15090.807386325983,6.0
2003-05-01,-0.163220892274219,1.26,,,1.07578818642804,,,,6.1
2003-06-01,0.108991825613079,1.22,,,1.12305963544221,,,,6.3
2003-07-01,0.1088731627653789,1.01,11566.669,,2.6710731226571096,14988.782,51512.0,15183.877363796682,6.2
2003-08-01,0.380641653072316,1.03,,,2.35741426924818,,,,6.1
2003-09-01,0.3250270855904669,1.01,,,2.02226514469577,,,,6.1
2003-10-01,-0.107991360691145,1.01,11772.234,,2.09586749439761,15162.76,51986.0,15278.388684793345,6.0
2003-11-01,-0.2702702702702639,1.0,,,1.1863624116481102,,,,5.8
2003-12-01,-0.108401084010841,0.98,,,1.79882233944806,,,,5.7
2004-01-01,0.48833423765599,1.0,11923.447,2.67723669309172,2.2200747059839503,15248.68,52179.0,15374.838882758811,5.7
2004-02-01,0.5399568034557121,1.01,,,2.91265455346974,,,,5.6
2004-03-01,0.644468313641263,1.0,,,2.7344022682197897,,,,5.8
2004-04-01,0.320170757737461,1.0,12112.815,,2.5383819269539303,15366.85,52469.0,15472.994124038232,5.6
2004-05-01,0.585106382978719,1.0,,,3.2174948905270697,,,,5.6
2004-06-01,0.317292437863566,1.03,,,2.72493144884725,,,,5.6
2004-07-01,-0.158144438587237,1.26,12305.307,,1.77113695955513,15512.619,52835.0,15573.526926169096,5.5
2004-08-01,0.0527983104540587,1.43,,,2.87323745174035,,,,5.4
2004-09-01,0.211081794195252,1.61,,,2.1466349952753,,,,5.4
2004-10-01,0.526592943654557,1.76,12527.214,,2.6605010937276203,15670.88,53242.0,15675.558624075442,5.5
2004-11-01,0.0523834468308086,1.93,,,1.4800663055379,,,,5.4
2004-12-01,-0.366492146596853,2.16,,,1.91524972608856,,,,5.4
2005-01-01,0.2101944298475959,2.28,12767.286,3.3927468454955,3.4217591363454103,15844.727,53719.0,15775.796136923083,5.3
2005-02-01,0.576822233875206,2.5,,,3.30400229074104,,,,5.4
2005-03-01,0.782064650677772,2.63,,,1.8971793950121696,,,,5.2
2005-04-01,0.672529746508014,2.79,12922.656,,2.09647901335652,15922.782,53868.0,15873.169983958667,5.2
2005-05-01,-0.1027749229187949,3.0,,,3.16846235161856,,,,5.1
2005-06-01,0.0514403292181004,3.04,,,1.62477538920178,,,,5.0
2005-07-01,0.462724935732656,3.26,13142.642,,3.0286455734746403,16047.587,54153.0,15968.843339929685,5.0
2005-08-01,0.5117707267144339,3.5,,,2.22215620270876,,,,4.9
2005-09-01,1.22199592668025,3.62,,,4.02470724061161,,,,5.0
2005-10-01,0.201207243460752,3.78,13324.204,,3.3315751559861897,16136.734,54317.0,16062.035941635966,5.0
2005-11-01,-0.8032128514056259,4.0,,,2.83691194814226,,,,5.0
2005-12-01,-0.40485829959513,4.16,,,2.20489319920401,,,,4.9
2006-01-01,0.762195121951216,4.29,13599.16,3.22594410070404,2.88432186623886,16353.835,54927.0,16152.594087556376,4.7
2006-02-01,0.20171457387795,4.49,,,2.07202087371556,,,,4.8
2006-03-01,0.55359838953198,4.59,,,3.08218251360963,,,,4.7
2006-04-01,0.8508508508508341,4.79,13753.424,,2.8870316165126,16396.151,54945.0,16240.797141806725,4.7
2006-05-01,0.496277915632743,4.94,,,4.28816068458393,,,,4.6
2006-06-01,0.1975308641975319,4.99,,,3.19983083499134,,,,4.6
2006-07-01,0.295712173484489,5.24,13870.188,,3.05393052415284,16420.738,54886.0,16324.825212317572,4.7
2006-08-01,0.196560196560197,5.25,,,4.62137039677921,,,,4.7
2006-09-01,-0.490436488474757,5.25,,,2.1062637733366696,,,,4.5
2006-10-01,-0.542138984721521,5.25,14039.56,,3.6506970400157694,16561.866,55216.0,16404.43190398646,4.4
2006-11-01,-0.148662041625379,5.25,,,3.02469916751935,,,,4.5
2006-12-01,0.148883374689833,5.24,,,2.72554654380133,,,,4.4
2007-01-01,0.305252725470763,5.25,14215.651,2.85267248150138,2.9644102631689195,16611.69,55260.0,16484.888028846122,4.6
2007-02-01,0.5350367559876621,5.26,,,4.4470256400193495,,,,4.5
2007-03-01,0.910569585108543,5.26,,,2.6885311218425296,,,,4.4
2007-04-01,0.6496162686508891,5.25,14402.082,,2.36832536836802,16713.314,55474.0,16566.649925173915,4.5
2007-05-01,0.61107186747047,5.25,,,2.35349143799752,,,,4.4
2007-06-01,0.193797517660565,5.25,,,3.2680317367730405,,,,4.6
2007-07-01,-0.0254377207802054,5.26,14564.117,,2.82817098511783,16809.587,55649.0,16649.553222510956,4.7
2007-08-01,-0.183390222708711,5.02,,,2.18457280462696,,,,4.6
2007-09-01,0.275590740535893,4.94,,,3.7044060077008303,,,,4.7
2007-10-01,0.213919132812117,4.76,14715.058,,3.43463052089827,16915.191,55857.0,16732.836359592024,4.7
2007-11-01,0.5939617873415811,4.49,,,3.475359352757,,,,4.7
2007-12-01,-0.0670863129647814,4.24,,,2.98265388398264,,,,5.0
2008-01-01,0.4970576472604689,3.94,14706.538,3.839100296651,3.28360527628442,16843.003,55497.0,16815.605755710523,5.0
2008-02-01,0.290411218495348,2.98,,,2.85747436326564,,,,4.9
2008-03-01,0.866821293098967,2.61,,,3.0404857461239905,,,,5.1
2008-04-01,0.6064778389719561,2.28,14865.701,,2.24101388446512,16943.291,55705.0,16895.89498163922,5.0
2008-05-01,0.8420886031756311,1.98,,,2.4627692895931,,,,5.4
2008-06-01,1.0076996934894,2.0,,,4.05370089545272,,,,5.6
2008-07-01,0.525101112812213,2.01,14898.999,,3.98912873927892,16854.295,55278.0,16973.238277426874,5.8
2008-08-01,-0.3991562255641739,2.0,,,2.94013128490127,,,,6.1
2008-09-01,-0.1383018540664549,1.81,,,3.17438970761372,,,,6.1
2008-10-01,-1.01013332845789,0.97,14608.209,,2.20171024216991,16485.35,53941.0,17046.57639205772,6.5
2008-11-01,-1.9152895328595805,0.39,,,1.93625366578525,,,,6.8
2008-12-01,-1.03424738142875,0.16,,,0.3634841508005421,,,,7.3
2009-01-01,0.435241737542101,0.15,14430.902,-0.355546266299747,2.40364062502632,16298.262,53221.0,17114.50017798746,7.8
2009-02-01,0.4972933035904749,0.22,,,2.14357605719473,,,,8.3
2009-03-01,0.24317484554154,0.18,,,1.90828983085518,,,,8.7
2009-04-01,0.2496368277787989,0.15,14381.236,,1.86117019943739,16269.145,53017.0,17178.410062824227,9.0
2009-05-01,0.288876383417745,0.18,,,1.29376893720741,,,,9.4
2009-06-01,0.8589892263953359,0.21,,,0.75584590889346,,,,9.5
2009-07-01,-0.158558692215323,0.16,14448.882,,0.125832513392354,16326.281,53081.0,17238.915827103265,9.5
2009-08-01,0.224285004481049,0.16,,,1.6255061079099,,,,9.6
2009-09-01,0.0625480693495817,0.15,,,0.914369783533586,,,,9.8
2009-10-01,0.0963101185818578,0.12,14651.249,,1.1903654188135,16502.754,53531.0,17297.998502211558,10.0
2009-11-01,0.0707753368767079,0.12,,,0.516016421313492,,,,9.9
2009-12-01,-0.176119816946313,0.12,,,0.460810409841406,,,,9.9
2010-01-01,0.34174735701485,0.11,14764.61,1.6400434423899,0.680110845940707,16582.71,53683.0,17357.90598072023,9.8
2010-02-01,0.024920738207648,0.13,,,-0.1066278542679489,,,,9.8
2010-03-01,0.4106283536571079,0.16,,,-0.286064246298046,,,,9.9
2010-04-01,0.173688491069743,0.2,14980.193,,0.4526162541784729,16743.162,54100.0,17419.58971646213,9.9
2010-05-01,0.0775197354237721,0.2,,,0.27574788971958,,,,9.6
2010-06-01,-0.0976267084673888,0.18,,,1.2647526767523898,,,,9.4
2010-07-01,0.0211043057371509,0.18,15141.607,,0.632305068442718,16872.266,54401.0,17484.478311341583,9.4
2010-08-01,0.138066427840807,0.19,,,0.4302059340372199,,,,9.5
2010-09-01,0.0581736230715569,0.19,,,1.53627227687154,,,,9.5
2010-10-01,0.1245198888476959,0.19,15309.474,,1.1260905710720202,16960.864,54569.0,17551.856970377874,9.4
2010-11-01,0.0420646423819507,0.19,,,1.31829898066591,,,,9.8
2010-12-01,0.1718440789203089,0.18,,,1.393380280754,,,,9.3
2011-01-01,0.4763230053974139,0.17,15351.448,3.156841568622,2.27322625990496,16920.632,54341.0,17621.83311229873,9.1
2011-02-01,0.493136502545162,0.16,,,2.8169688979258902,,,,9.0
2011-03-01,0.975107203050938,0.14,,,1.74418998266395,,,,9.0
2011-04-01,0.643942953545699,0.1,15557.539,,2.24921919600376,17035.114,54610.0,17694.289734496488,9.1
2011-05-01,0.470418752723364,0.09,,,2.3058155396239,,,,9.0
2011-06-01,-0.107096705669922,0.09,,,1.92672807632472,,,,9.1
2011-07-01,0.0886045666793554,0.07,15647.68,,2.5370313756665,17031.313,54482.0,17769.091548927314,9.0
2011-08-01,0.27575889023645,0.1,,,3.1779707716990093,,,,9.0
2011-09-01,0.151846211569461,0.08,,,2.49197707942446,,,,9.0
2011-10-01,-0.206268263335836,0.07,15842.259,,2.02226514469577,17222.583,54979.0,17845.433170509936,8.8
2011-11-01,-0.084356133044206,0.08,,,1.84701379887522,,,,8.6
2011-12-01,-0.2466516377138169,0.07,,,2.37433305779156,,,,8.5
2012-01-01,0.440019142826751,0.08,16068.805,2.06933726526067,3.19808928450254,17367.01,55342.0,17923.095226368296,8.3
2012-02-01,0.4402973551276311,0.1,,,1.6845519133678302,,,,8.3
2012-03-01,0.7594558623930859,0.13,,,2.42029632056173,,,,8.2
2012-04-01,0.302102950408034,0.14,16207.115,,2.2851338427891696,17444.525,55490.0,18002.35699627026,8.2
2012-05-01,-0.117347936632105,0.16,,,1.7320720722101297,,,,8.2
2012-06-01,-0.146639688445049,0.16,,,1.92206327761144,,,,8.2
2012-07-01,-0.162978586182561,0.16,16319.541,,2.08371119432122,17469.65,55454.0,18082.64574996694,8.2
2012-08-01,0.556515818143709,0.13,,,2.4238660191344503,,,,8.1
2012-09-01,0.4462212267611311,0.14,,,2.2866037427289303,,,,7.8
2012-10-01,-0.0388925140553232,0.16,16420.419,,1.87504766315374,17489.852,55403.0,18163.79376867256,7.8
2012-11-01,-0.4738086694881879,0.16,,,2.0721553787935503,,,,7.7
2012-12-01,-0.269306449020735,0.16,,,1.79065016566902,,,,7.9
2013-01-01,0.295730419292604,0.14,16648.189,1.46483265562717,2.74180750368704,17662.4,55859.0,18246.42137114204,8.0
2013-02-01,0.819002952926876,0.15,,,2.45154222786008,,,,7.7
2013-03-01,0.261450858437495,0.14,,,1.21535791179703,,,,7.5
2013-04-01,-0.103963947708716,0.15,16728.687,,2.088884185994,17709.671,55914.0,18329.440468379704,7.6
2013-05-01,0.178040777358723,0.11,,,1.9563823322529,,,,7.5
2013-06-01,0.2399708085599499,0.09,,,2.13725043962469,,,,7.5
2013-07-01,0.0393997533233011,0.09,16953.838,,2.00320004740069,17860.45,56272.0,18412.74484097609,7.3
2013-08-01,0.12029315570472,0.08,,,2.1480298989162,,,,7.2
2013-09-01,0.1163004485263469,0.08,,,2.23216017314456,,,,7.2
2013-10-01,-0.257528325980464,0.09,17192.019,,1.16372929089217,18016.147,56642.0,18496.9339613381,7.2
2013-11-01,-0.204242419052338,0.08,,,2.60550640737742,,,,6.9
2013-12-01,-0.008581149788259,0.09,,,2.8446440822717203,,,,6.7
2014-01-01,0.3720247673236049,0.07,17197.738,1.62222297740817,2.40632650352188,17953.974,56345.0,18582.016790391182,6.6
2014-02-01,0.369790865096873,0.07,,,2.3508313464702497,,,,6.7
2014-03-01,0.6440044126228239,0.08,,,2.8589766754357098,,,,6.7
2014-04-01,0.329675445315773,0.09,17518.508,,2.21493222879676,18185.911,56968.0,18667.80786379332,6.2
2014-05-01,0.34926098400487,0.09,,,2.54562660708071,,,,6.3
2014-06-01,0.186212694409411,0.1,,,1.31136444111866,,,,6.1
2014-07-01,-0.0390193964161093,0.09,17804.228,,2.4049038383757497,18406.941,57536.0,18755.21302916832,6.2
2014-08-01,-0.167051416579219,0.09,,,1.75173691535098,,,,6.1
2014-09-01,0.0752568824311014,0.09,,,1.93541098458714,,,,5.9
2014-10-01,-0.2512277812553889,0.09,17912.079,,2.4289565511268,18500.031,57702.0,18843.33814024208,5.7
2014-11-01,-0.539941794106119,0.09,,,2.25631054100233,,,,5.8
2014-12-01,-0.567010091001089,0.12,,,2.3833942455642,,,,5.6
2015-01-01,-0.470589237347324,0.11,18063.529,0.118627135552451,1.94752959883826,18666.621,58121.0,18931.98108998837,5.7
2015-02-01,0.434304492377206,0.11,,,1.95449451571832,,,,5.5
2015-03-01,0.5951721611097321,0.11,,,2.43333592636743,,,,5.4
2015-04-01,0.2032873254587689,0.12,18279.784,,2.96265053867684,18782.243,58376.0,19021.10442842243,5.4
2015-05-01,0.509723202549469,0.12,,,2.5012910991095,,,,5.6
2015-06-01,0.350286999852812,0.13,,,2.97239956431092,,,,5.3
2015-07-01,0.0067047159295661,0.13,18401.626,,1.9220253006031696,18857.418,58486.0,19110.07094297624,5.2
2015-08-01,-0.141627628281935,0.14,,,1.63579063211565,,,,5.1
2015-09-01,-0.155675657530359,0.14,,,2.99841569275872,,,,5.0
2015-10-01,-0.0449683750446447,0.12,18435.137,,2.28316449144805,18892.206,58470.0,19198.65854737205,5.0
2015-11-01,-0.211068037908146,0.12,,,2.2654806001265,,,,5.1
2015-12-01,-0.341709643711866,0.24,,,1.83471969623819,,,,5.0
2016-01-01,0.165310220906868,0.34,18525.933,1.26158320570536,2.70841659132004,19001.69,58704.0,19286.92528144557,4.8
2016-02-01,0.0823076533454985,0.38,,,2.53771440127248,,,,4.9
2016-03-01,0.4306000143392679,0.36,,,2.22200455864592,,,,5.0
2016-04-01,0.4741067979104,0.37,18711.702,,3.8254778833095098,19062.709,58787.0,19375.15066769707,5.1
2016-05-01,0.404579099811517,0.37,,,3.2805191880404,,,,4.8
2016-06-01,0.3284366167281879,0.38,,,2.10339046055212,,,,4.9
2016-07-01,-0.161813640474981,0.39,18892.639,,2.49016471097936,19197.938,59084.0,19463.20457345448,4.8
2016-08-01,0.0918430107884498,0.4,,,2.7425708907920803,,,,4.9
2016-09-01,0.240399586462898,0.4,,,2.49832933493122,,,,5.0
2016-10-01,0.124674851301432,0.4,19089.379,,2.01802556175075,19304.352,59296.0,19551.31061719399,4.9
2016-11-01,-0.155546086733514,0.41,,,2.45883151623452,,,,4.7
2016-12-01,0.0327321392317517,0.54,,,2.03838510774881,,,,4.7
2017-01-01,0.582772789025459,0.65,19280.084,2.13011000365961,3.43630577482943,19398.343,59494.0,19640.089472818603,4.7
2017-02-01,0.314611738641666,0.66,,,3.2923463387532204,,,,4.6
2017-03-01,0.0812797871947232,0.79,,,1.91438367511723,,,,4.4
2017-04-01,0.296553336532688,0.9,19438.643,,1.55365836257901,19506.949,59736.0,19730.29792327776,4.4
2017-05-01,0.0854721826896363,0.91,,,2.1132188709843502,,,,4.4
2017-06-01,0.0907111014861139,1.04,,,1.8968337862046696,,,,4.3
2017-07-01,-0.0689922638852295,1.15,19692.595,,2.1220936834140702,19660.766,60099.0,19823.602552180768,4.3
2017-08-01,0.299445229710857,1.16,,,2.2747579876520403,,,,4.4
2017-09-01,0.5294905893230339,1.15,,,2.8702567714483,,,,4.3
2017-10-01,-0.0632042103727646,1.15,20037.088,,2.4249630240346502,19882.352,60674.0,19919.84185253096,4.2
2017-11-01,0.0024324685907436,1.16,,,2.42039295861358,,,,4.2
2017-12-01,-0.05878322772623,1.3,,,2.95574718908234,,,,4.1
2018-01-01,0.544774545277541,1.41,20328.553,2.44258329692817,4.17000041826154,20044.077,61093.0,20019.170108155347,4.0
2018-02-01,0.45346899748655,1.42,,,2.01327934554867,,,,4.1
2018-03-01,0.2261125904149039,1.51,,,1.961900073725389,,,,4.0
2018-04-01,0.397509156334893,1.69,20580.912,,2.93200914809488,20150.476,61336.0,20121.719174325484,4.0
2018-05-01,0.4158916925435,1.7,,,2.9818325508401204,,,,3.8
2018-06-01,0.159387570154372,1.82,,,2.6321178885371204,,,,4.0
2018-07-01,0.0067463262285171,1.91,20798.73,,2.11149391449985,20276.154,61622.0,20226.065825728,3.8
2018-08-01,0.0555542328357295,1.91,,,2.2967112867851003,,,,3.8
2018-09-01,0.116202517589025,1.95,,,2.3337233555462205,,,,3.7
2018-10-01,0.176676345572587,2.19,20917.867,,2.60626268747923,20304.874,61619.0,20331.49540934404,3.8
2018-11-01,-0.3349348518100969,2.2,,,3.7237636017007705,,,,3.8
2018-12-01,-0.319396281513109,2.27,,,2.9117770150544304,,,,3.9
2019-01-01,0.1906596665246839,2.4,21111.6,1.81221007526021,2.88960472562634,20431.641,61939.0,20437.92215362585,4.0
2019-02-01,0.422705314009692,2.4,,,2.97821762626109,,,,3.8
2019-03-01,0.564135835680577,2.41,,,3.2102411483228703,,,,3.8
2019-04-01,0.529500161289074,2.42,21397.938,,2.82946232379089,20602.275,62385.0,20545.449540277205,3.7
2019-05-01,0.212875858938411,2.39,,,2.5585351456762795,,,,3.6
2019-06-01,0.0199147181481604,2.38,,,2.96310499495169,,,,3.6
2019-07-01,0.167094162245338,2.4,21717.171,,3.2008888117851098,20843.322,63022.0,20653.07745811881,3.7
2019-08-01,-0.0050668236082818,2.13,,,2.6257566309874503,,,,3.6
2019-09-01,0.0783448576930001,2.04,,,2.5044028464577406,,,,3.5
2019-10-01,0.228619055223,1.83,21933.217,,2.67072730886815,20985.448,63360.0,20758.053508750327,3.6
2019-11-01,-0.0536243034669465,1.55,,,3.2778581013518595,,,,3.6
2019-12-01,-0.0909769525053793,1.55,,,2.52541708194376,,,,3.6
2020-01-01,0.387976993781487,1.55,21727.657,1.23358439630629,3.73900290493838,20693.238,62416.0,20861.83925495967,3.6
2020-02-01,0.274061813149543,1.58,,,2.87314075414153,,,,3.5
2020-03-01,-0.2176451031784789,0.65,,,2.96611597454439,,,,4.4
2020-04-01,-0.668694186699718,0.05,19935.444,,2.0514104511105,19056.617,57449.0,20965.14022286726,14.8
2020-05-01,0.0019501616684046,0.05,,,3.0423409595286204,,,,13.2
2020-06-01,0.5472046927775109,0.08,,,1.6303799442617,,,,11.0
2020-07-01,0.5058243501670089,0.09,21684.551,,4.12644301223046,20548.793,61915.0,21065.72918800921,10.2
2020-08-01,0.315321052408127,0.1,,,2.5642504572569904,,,,8.4
2020-09-01,0.13927469432666,0.09,,,1.09289511329196,,,,7.8
2020-10-01,0.0414937759336148,0.09,22068.767,,1.7918610038630802,20771.691,62554.0,21167.08999680052,6.9
2020-11-01,-0.0610627217844138,0.09,,,1.36409877769683,,,,6.7
2020-12-01,0.0941478467042597,0.09,,,1.4012624303769898,,,,6.7
2021-01-01,0.425378348702726,0.09,22656.793,4.69785886363742,1.17126192381685,21058.379,63428.0,21261.600036399403,6.4
2021-02-01,0.547438279392344,0.08,,,2.79187179404496,,,,6.2
2021-03-01,0.7083273133749509,0.07,,,2.45230811885555,,,,6.1
2021-04-01,0.821890915406006,0.07,23368.861,,2.90626910167791,21389.005,64392.0,21355.977382899266,6.1
2021-05-01,0.80171051547627,0.06,,,3.25571552598809,,,,5.8
2021-06-01,0.929066290235704,0.08,,,3.75085967160498,,,,5.9
2021-07-01,0.481052352629404,0.1,23921.991,,3.03001455558991,21571.421,64877.0,21454.647379006667,5.4
2021-08-01,0.206591136361161,0.09,,,4.0529206723710605,,,,5.1
2021-09-01,0.271597085905821,0.08,,,4.93068961392651,,,,4.7
2021-10-01,0.830811855200318,0.08,24777.038,,6.58162335190871,21960.388,65986.0,21558.240246488447,4.5
2021-11-01,0.491342750434762,0.08,,,5.921977524520989,,,,4.2
2021-12-01,0.307251716148357,0.08,,,4.864243460542441,,,,3.9
2022-01-01,0.8414573783545228,0.08,25215.491,8.00279982052121,6.73598572134309,21903.85,65779.0,21667.693840715187,4.0
2022-02-01,0.913397925647697,0.08,,,6.375188165836019,,,,3.8
2022-03-01,1.3351379548562698,0.2,,,6.22131864885611,,,,3.7
2022-04-01,0.5582531025654971,0.33,25805.791,,6.92388263628694,21919.222,65760.0,21780.14110580312,3.7
2022-05-01,1.10235239995988,0.77,,,7.588878771024411,,,,3.6
2022-06-01,1.37360757588199,1.21,,,8.01045995451126,,,,3.6
2022-07-01,-0.0118119138337545,1.68,26272.011,,5.988326180119151,22066.784,66115.0,21892.76660831518,3.5
2022-08-01,-0.0354399276350673,2.33,,,8.04803616793306,,,,3.6
2022-09-01,0.2150784513001039,2.56,,,7.72921604833856,,,,3.5
2022-10-01,0.405649443411221,3.08,26734.277,,6.69366641779918,22249.459,66575.0,22004.679068190035,3.6
2022-11-01,-0.101002644188814,3.78,,,5.91661658760609,,,,3.6
2022-12-01,-0.307009146454112,4.1,,,6.554622614768929,,,,3.5
2023-01-01,0.799536383454017,4.33,27164.359,4.11633838374488,7.40659988402694,22403.435,66967.0,22116.38,3.5
2023-02-01,0.5582110505732301,4.57,,,7.880495894967001,,,,3.6
2023-03-01,0.3310729956123049,4.65,,,4.62475076644842,,,,3.5
2023-04-01,0.50590386832584,4.83,27453.815,,5.186168013480691,22539.418,67295.0,22227.57,3.4
2023-05-01,0.251843501020241,5.06,,,4.83841780786021,,,,3.6
2023-06-01,0.322891423648645,5.08,,,4.39642524892616,,,,3.6
2023-07-01,0.1907515019222699,5.12,27967.697,,2.49077584715136,22780.933,67916.0,22338.77,3.5
2023-08-01,0.436715506835353,5.33,,,4.35897232415277,,,,3.7
2023-09-01,0.2485131552376499,5.33,,,5.21792092786129,,,,3.8
2023-10-01,-0.0383379522984981,5.33,28296.967,,3.49795816925966,22960.6,68351.0,22452.06,3.9
2023-11-01,-0.201513954841356,5.33,,,5.1226149536403,,,,3.7
2023-12-01,-0.0993320327893392,5.33,,,4.160125150684911,,,,3.8
2024-01-01,0.544750379793042,5.33,28624.069,,6.54247711333595,23053.545,68549.0,22566.61,3.7
2024-02-01,0.618967177555072,5.33,,,4.55815950379621,,,,3.9
2024-03-01,0.646416993742063,5.33,,,4.32734565378701,,,,3.9
2024-04-01,,5.33,29016.714,,4.25132259006098,23223.906,68977.0,22682.66,3.9
2024-05-01,,5.33,,,3.0164690149307103,,,,4.0
2024-06-01,,5.33,,,2.3646651819445097,,,,4.1
2024-07-01,,5.33,29374.914,,3.80499824370928,23400.294,69399.0,22800.63,4.2
2024-08-01,,5.33,,,3.18039686786902,,,,4.2
2024-09-01,,5.13,,,4.146461276568751,,,,4.1
2024-10-01,,4.83,,,3.60736895679825,,,22920.27,4.1
2024-11-01,,4.64,,,2.77536119547261,,,,4.2
2024-12-01,,4.48,,,3.6381199379699902,,,,4.1
2025-01-01,,,,,,,,23041.94,
2025-04-01,,,,,,,,23164.48,
2025-07-01,,,,,,,,23288.28,
2025-10-01,,,,,,,,23413.13,
2026-01-01,,,,,,,,23537.99,
2026-04-01,,,,,,,,23662.93,
2026-07-01,,,,,,,,23787.67,
2026-10-01,,,,,,,,23912.24,
2027-01-01,,,,,,,,24037.13,
2027-04-01,,,,,,,,24160.85,
2027-07-01,,,,,,,,24284.17,
2027-10-01,,,,,,,,24407.17,
2028-01-01,,,,,,,,24529.51,
2028-04-01,,,,,,,,24652.77,
2028-07-01,,,,,,,,24776.37,
2028-10-01,,,,,,,,24900.25,
2029-01-01,,,,,,,,25024.24,
2029-04-01,,,,,,,,25148.48,
2029-07-01,,,,,,,,25272.42,
2029-10-01,,,,,,,,25395.75,
2030-01-01,,,,,,,,25518.42,
2030-04-01,,,,,,,,25640.5,
2030-07-01,,,,,,,,25762.3,
2030-10-01,,,,,,,,25883.92,
2031-01-01,,,,,,,,26005.13,
2031-04-01,,,,,,,,26126.15,
2031-07-01,,,,,,,,26246.97,
2031-10-01,,,,,,,,26367.56,
2032-01-01,,,,,,,,26487.91,
2032-04-01,,,,,,,,26608.15,
2032-07-01,,,,,,,,26728.19,
2032-10-01,,,,,,,,26848.01,
2033-01-01,,,,,,,,26967.67,
2033-04-01,,,,,,,,27087.21,
2033-07-01,,,,,,,,27206.7,
2033-10-01,,,,,,,,27326.18,
2034-01-01,,,,,,,,27445.78,
2034-04-01,,,,,,,,27565.36,
2034-07-01,,,,,,,,27684.89,
2034-10-01,,,,,,,,27804.37,
