ConsumerPriceIndexAllItems,GDP,InflationConsumerPrice,MedianConsumerPriceIndex,RealGDP,RealGDPPerCapita,RealPotentialGDP,UnemployemenrRate
0.0,390.996,1.45797598627791,5.01465339985201,2880.482,17701.0,2923.9749179838946,5.8
0.0,390.996,1.45797598627791,5.01465339985201,2880.482,17701.0,2923.9749179838946,6.0
0.0,390.996,1.45797598627791,5.01465339985201,2880.482,17701.0,2923.9749179838946,6.1
0.0,399.734,1.45797598627791,5.01465339985201,2936.852,17960.0,2941.999752878005,5.7
0.0,399.734,1.45797598627791,5.01465339985201,2936.852,17960.0,2941.999752878005,5.3
0.0,399.734,1.45797598627791,5.01465339985201,2936.852,17960.0,2941.999752878005,5.0
0.0,413.073,1.45797598627791,5.01465339985201,3020.746,18396.0,2959.7761996380686,4.9
0.0,413.073,1.45797598627791,5.01465339985201,3020.746,18396.0,2959.7761996380686,4.7
0.0,413.073,1.45797598627791,5.01465339985201,3020.746,18396.0,2959.7761996380686,4.6
0.0,421.532,1.45797598627791,5.01465339985201,3069.91,18621.0,2979.062096651661,4.7
0.0,421.532,1.45797598627791,5.01465339985201,3069.91,18621.0,2979.062096651661,4.3
0.0,421.532,1.45797598627791,5.01465339985201,3069.91,18621.0,2979.062096651661,4.2
0.3745318352059939,430.221,1.45797598627791,5.01465339985201,3111.379,18787.0,2998.026311752977,4.0
0.0,430.221,1.45797598627791,5.01465339985201,3111.379,18787.0,2998.026311752977,4.2
0.37313432835821,430.221,1.45797598627791,5.01465339985201,3111.379,18787.0,2998.026311752977,4.1
0.0,437.092,1.45797598627791,5.01465339985201,3130.068,18808.0,3017.709772089412,4.3
0.0,437.092,1.45797598627791,5.01465339985201,3130.068,18808.0,3017.709772089412,4.2
-0.3717472118959121,437.092,1.45797598627791,5.01465339985201,3130.068,18808.0,3017.709772089412,4.2
0.0,439.746,1.45797598627791,5.01465339985201,3117.922,18658.0,3037.4598942797747,4.0
0.0,439.746,1.45797598627791,5.01465339985201,3117.922,18658.0,3037.4598942797747,3.9
0.0,439.746,1.45797598627791,5.01465339985201,3117.922,18658.0,3037.4598942797747,4.2
0.37313432835821,446.01,1.45797598627791,5.01465339985201,3143.694,18736.0,3056.686363127972,4.0
0.3717472118959121,446.01,1.45797598627791,5.01465339985201,3143.694,18736.0,3056.686363127972,4.3
0.740740740740744,446.01,1.45797598627791,5.01465339985201,3143.694,18736.0,3056.686363127972,4.3
0.73529411764705,451.191,1.45797598627791,5.01465339985201,3140.874,18632.0,3076.747558063285,4.4
-0.364963503649637,451.191,1.45797598627791,5.01465339985201,3140.874,18632.0,3076.747558063285,4.1
0.366300366300368,451.191,1.45797598627791,5.01465339985201,3140.874,18632.0,3076.747558063285,3.9
0.364963503649637,460.463,1.45797598627791,5.01465339985201,3192.57,18845.0,3098.079553748381,3.9
0.0,460.463,1.45797598627791,5.01465339985201,3192.57,18845.0,3098.079553748381,4.3
0.363636363636365,460.463,1.45797598627791,5.01465339985201,3192.57,18845.0,3098.079553748381,4.2
0.0,469.779,1.45797598627791,5.01465339985201,3213.011,18881.0,3121.45876878156,4.2
0.362318840579712,469.779,1.45797598627791,5.01465339985201,3213.011,18881.0,3121.45876878156,3.9
0.361010830324911,469.779,1.45797598627791,5.01465339985201,3213.011,18881.0,3121.45876878156,3.7
0.359712230215829,472.025,1.45797598627791,5.01465339985201,3205.97,18763.0,3146.9588594571783,3.9
0.358422939068102,472.025,1.45797598627791,5.01465339985201,3205.97,18763.0,3146.9588594571783,4.1
0.357142857142859,472.025,1.45797598627791,5.01465339985201,3205.97,18763.0,3146.9588594571783,4.3
0.711743772241972,479.49,1.45797598627791,5.01465339985201,3237.386,18862.0,3173.926339071424,4.2
0.0,479.49,1.45797598627791,5.01465339985201,3237.386,18862.0,3173.926339071424,4.1
0.0,479.49,1.45797598627791,5.01465339985201,3237.386,18862.0,3173.926339071424,4.4
0.0,474.864,1.45797598627791,5.01465339985201,3203.894,18582.0,3202.0484646123937,4.5
0.353356890459365,474.864,1.45797598627791,5.01465339985201,3203.894,18582.0,3202.0484646123937,5.1
0.0,474.864,1.45797598627791,5.01465339985201,3203.894,18582.0,3202.0484646123937,5.2
0.704225352112668,467.54,1.45797598627791,5.01465339985201,3120.724,18032.0,3230.017116009108,5.8
0.0,467.54,1.45797598627791,5.01465339985201,3120.724,18032.0,3230.017116009108,6.4
0.699300699300702,467.54,1.45797598627791,5.01465339985201,3120.724,18032.0,3230.017116009108,6.7
0.347222222222224,471.978,1.45797598627791,5.01465339985201,3141.224,18081.0,3258.4537581152504,7.4
0.0,471.978,1.45797598627791,5.01465339985201,3141.224,18081.0,3258.4537581152504,7.4
0.0,471.978,1.45797598627791,5.01465339985201,3141.224,18081.0,3258.4537581152504,7.3
0.346020761245676,485.841,1.45797598627791,5.01465339985201,3213.884,18419.0,3287.085802823637,7.5
-0.344827586206898,485.841,1.45797598627791,5.01465339985201,3213.884,18419.0,3287.085802823637,7.4
0.0,485.841,1.45797598627791,5.01465339985201,3213.884,18419.0,3287.085802823637,7.1
0.0,499.555,1.45797598627791,5.01465339985201,3289.032,18764.0,3317.432391075252,6.7
0.346020761245676,499.555,1.45797598627791,5.01465339985201,3289.032,18764.0,3317.432391075252,6.2
-0.344827586206898,499.555,1.45797598627791,5.01465339985201,3289.032,18764.0,3317.432391075252,6.2
0.346020761245676,510.33,1.45797598627791,5.01465339985201,3352.129,19041.0,3348.864175658735,6.0
-0.344827586206898,510.33,1.45797598627791,5.01465339985201,3352.129,19041.0,3348.864175658735,5.9
0.0,510.33,1.45797598627791,5.01465339985201,3352.129,19041.0,3348.864175658735,5.6
0.346020761245676,522.653,1.45797598627791,5.01465339985201,3427.667,19395.0,3382.3844990501893,5.2
0.0,522.653,1.45797598627791,5.01465339985201,3427.667,19395.0,3382.3844990501893,5.1
0.344827586206898,522.653,1.45797598627791,5.01465339985201,3427.667,19395.0,3382.3844990501893,5.0
0.3436426116838499,525.034,1.45797598627791,5.01465339985201,3430.057,19326.0,3418.320069273353,5.1
0.0,525.034,1.45797598627791,5.01465339985201,3430.057,19326.0,3418.320069273353,5.2
0.342465753424659,525.034,1.45797598627791,5.01465339985201,3430.057,19326.0,3418.320069273353,5.5
0.341296928327646,528.6,1.45797598627791,5.01465339985201,3439.832,19296.0,3454.772478769151,5.7
0.0,528.6,1.45797598627791,5.01465339985201,3439.832,19296.0,3454.772478769151,5.8
0.0,528.6,1.45797598627791,5.01465339985201,3439.832,19296.0,3454.772478769151,5.3
-0.34013605442177,542.648,1.45797598627791,5.01465339985201,3517.181,19614.0,3491.809423344375,5.2
0.341296928327646,542.648,1.45797598627791,5.01465339985201,3517.181,19614.0,3491.809423344375,4.8
0.0,542.648,1.45797598627791,5.01465339985201,3517.181,19614.0,3491.809423344375,5.4
0.34013605442177,541.08,1.45797598627791,5.01465339985201,3498.246,19392.0,3527.8518161158336,5.2
0.0,541.08,1.45797598627791,5.01465339985201,3498.246,19392.0,3527.8518161158336,5.1
0.3389830508474479,541.08,1.45797598627791,5.01465339985201,3498.246,19392.0,3527.8518161158336,5.4
0.0,545.604,1.45797598627791,5.01465339985201,3515.385,19390.0,3563.319768486865,5.5
0.0,545.604,1.45797598627791,5.01465339985201,3515.385,19390.0,3563.319768486865,5.6
0.0,545.604,1.45797598627791,5.01465339985201,3515.385,19390.0,3563.319768486865,5.5
0.675675675675678,540.197,1.45797598627791,5.01465339985201,3470.278,19065.0,3597.5104219553687,6.1
0.0,540.197,1.45797598627791,5.01465339985201,3470.278,19065.0,3597.5104219553687,6.1
0.0,540.197,1.45797598627791,5.01465339985201,3470.278,19065.0,3597.5104219553687,6.6
0.0,545.018,1.07072414764724,5.01465339985201,3493.703,19130.0,3631.0973455617295,6.6
0.0,545.018,1.07072414764724,5.01465339985201,3493.703,19130.0,3631.0973455617295,6.9
0.0,545.018,1.07072414764724,5.01465339985201,3493.703,19130.0,3631.0973455617295,6.9
0.0,555.545,1.07072414764724,5.01465339985201,3553.021,19380.0,3662.763437332922,7.0
0.0,555.545,1.07072414764724,5.01465339985201,3553.021,19380.0,3662.763437332922,7.1
0.0,555.545,1.07072414764724,5.01465339985201,3553.021,19380.0,3662.763437332922,6.9
0.671140939597318,567.664,1.07072414764724,5.01465339985201,3621.252,19670.0,3695.587694750991,7.0
-0.333333333333335,567.664,1.07072414764724,5.01465339985201,3621.252,19670.0,3695.587694750991,6.6
0.334448160535118,567.664,1.07072414764724,5.01465339985201,3621.252,19670.0,3695.587694750991,6.7
0.0,580.612,1.07072414764724,5.01465339985201,3692.289,19970.0,3729.378782068824,6.5
0.0,580.612,1.07072414764724,5.01465339985201,3692.289,19970.0,3729.378782068824,6.1
0.0,580.612,1.07072414764724,5.01465339985201,3692.289,19970.0,3729.378782068824,6.0
0.0,594.013,1.19877334820186,5.01465339985201,3758.147,20254.0,3765.797811774551,5.8
0.333333333333335,594.013,1.19877334820186,5.01465339985201,3758.147,20254.0,3765.797811774551,5.5
0.0,594.013,1.19877334820186,5.01465339985201,3758.147,20254.0,3765.797811774551,5.6
0.3322259136212639,600.366,1.19877334820186,5.01465339985201,3792.149,20366.0,3805.3125821851854,5.6
0.0,600.366,1.19877334820186,5.01465339985201,3792.149,20366.0,3805.3125821851854,5.5
0.0,600.366,1.19877334820186,5.01465339985201,3792.149,20366.0,3805.3125821851854,5.5
0.331125827814571,609.027,1.19877334820186,5.01465339985201,3838.776,20536.0,3847.253305997749,5.4
0.0,609.027,1.19877334820186,5.01465339985201,3838.776,20536.0,3847.253305997749,5.7
0.330033003300331,609.027,1.19877334820186,5.01465339985201,3838.776,20536.0,3847.253305997749,5.6
0.0,612.28,1.19877334820186,5.01465339985201,3851.421,20521.0,3890.376304042204,5.4
0.0,612.28,1.19877334820186,5.01465339985201,3851.421,20521.0,3890.376304042204,5.7
0.0,612.28,1.19877334820186,5.01465339985201,3851.421,20521.0,3890.376304042204,5.5
0.0,621.672,1.23966942148753,5.01465339985201,3893.482,20677.0,3933.55516118128,5.7
0.0,621.672,1.23966942148753,5.01465339985201,3893.482,20677.0,3933.55516118128,5.9
0.328947368421054,621.672,1.23966942148753,5.01465339985201,3893.482,20677.0,3933.55516118128,5.7
0.0,629.752,1.23966942148753,5.01465339985201,3937.183,20842.0,3976.3379327836974,5.7
0.0,629.752,1.23966942148753,5.01465339985201,3937.183,20842.0,3976.3379327836974,5.9
0.327868852459018,629.752,1.23966942148753,5.01465339985201,3937.183,20842.0,3976.3379327836974,5.6
0.326797385620916,644.444,1.23966942148753,5.01465339985201,4023.755,21219.0,4018.959695297157,5.6
0.0,644.444,1.23966942148753,5.01465339985201,4023.755,21219.0,4018.959695297157,5.4
0.0,644.444,1.23966942148753,5.01465339985201,4023.755,21219.0,4018.959695297157,5.5
0.3257328990228029,653.938,1.23966942148753,5.01465339985201,4050.147,21276.0,4062.06655803723,5.5
0.0,653.938,1.23966942148753,5.01465339985201,4050.147,21276.0,4062.06655803723,5.7
0.3246753246753259,653.938,1.23966942148753,5.01465339985201,4050.147,21276.0,4062.06655803723,5.5
0.0,669.822,1.27891156462591,5.01465339985201,4135.553,21657.0,4105.435953036787,5.6
0.0,669.822,1.27891156462591,5.01465339985201,4135.553,21657.0,4105.435953036787,5.4
0.0,669.822,1.27891156462591,5.01465339985201,4135.553,21657.0,4105.435953036787,5.4
0.0,678.674,1.27891156462591,5.01465339985201,4180.592,21824.0,4150.330841843084,5.3
0.0,678.674,1.27891156462591,5.01465339985201,4180.592,21824.0,4150.330841843084,5.1
0.323624595469257,678.674,1.27891156462591,5.01465339985201,4180.592,21824.0,4150.330841843084,5.2
0.322580645161292,692.031,1.27891156462591,5.01465339985201,4245.918,22085.0,4196.177090748073,4.9
-0.32154340836013,692.031,1.27891156462591,5.01465339985201,4245.918,22085.0,4196.177090748073,5.0
0.322580645161292,692.031,1.27891156462591,5.01465339985201,4245.918,22085.0,4196.177090748073,5.1
0.0,697.319,1.27891156462591,5.01465339985201,4259.046,22075.0,4242.341352210441,5.1
0.321543408360109,697.319,1.27891156462591,5.01465339985201,4259.046,22075.0,4242.341352210441,4.8
0.0,697.319,1.27891156462591,5.01465339985201,4259.046,22075.0,4242.341352210441,5.0
0.0,717.79,1.58516926383662,5.01465339985201,4362.111,22547.0,4289.638061974458,4.9
0.0,717.79,1.58516926383662,5.01465339985201,4362.111,22547.0,4289.638061974458,5.1
0.320512820512822,717.79,1.58516926383662,5.01465339985201,4362.111,22547.0,4289.638061974458,4.7
0.319488817891375,730.191,1.58516926383662,5.01465339985201,4417.225,22770.0,4335.758721867548,4.8
0.0,730.191,1.58516926383662,5.01465339985201,4417.225,22770.0,4335.758721867548,4.6
0.6369426751592379,730.191,1.58516926383662,5.01465339985201,4417.225,22770.0,4335.758721867548,4.6
0.0,749.323,1.58516926383662,5.01465339985201,4515.427,23198.0,4383.183671483537,4.4
0.0,749.323,1.58516926383662,5.01465339985201,4515.427,23198.0,4383.183671483537,4.4
0.0,749.323,1.58516926383662,5.01465339985201,4515.427,23198.0,4383.183671483537,4.3
0.316455696202533,771.857,1.58516926383662,5.01465339985201,4619.458,23656.0,4430.655646635879,4.2
0.0,771.857,1.58516926383662,5.01465339985201,4619.458,23656.0,4430.655646635879,4.1
0.315457413249213,771.857,1.58516926383662,5.01465339985201,4619.458,23656.0,4430.655646635879,4.0
0.0,795.734,3.0150753768844,5.01465339985201,4731.888,24172.0,4478.534802720446,4.0
0.628930817610066,795.734,3.0150753768844,5.01465339985201,4731.888,24172.0,4478.534802720446,3.8
0.312500000000001,795.734,3.0150753768844,5.01465339985201,4731.888,24172.0,4478.534802720446,3.8
0.62305295950156,804.981,3.0150753768844,5.01465339985201,4748.046,24191.0,4526.5819491025895,3.8
0.0,804.981,3.0150753768844,5.01465339985201,4748.046,24191.0,4526.5819491025895,3.9
0.309597523219816,804.981,3.0150753768844,5.01465339985201,4748.046,24191.0,4526.5819491025895,3.8
0.308641975308643,819.638,3.0150753768844,5.01465339985201,4788.254,24321.0,4575.410171895527,3.8
0.6153846153846179,819.638,3.0150753768844,5.01465339985201,4788.254,24321.0,4575.410171895527,3.8
0.0,819.638,3.0150753768844,5.01465339985201,4788.254,24321.0,4575.410171895527,3.7
0.611620795107036,833.302,3.0150753768844,5.01465339985201,4827.537,24446.0,4624.436665322361,3.7
0.0,833.302,3.0150753768844,5.01465339985201,4827.537,24446.0,4624.436665322361,3.6
0.0,833.302,3.0150753768844,5.01465339985201,4827.537,24446.0,4624.436665322361,3.8
0.0,844.17,2.77278562259309,5.01465339985201,4870.299,24602.0,4675.219679762707,3.9
0.0,844.17,2.77278562259309,5.01465339985201,4870.299,24602.0,4675.219679762707,3.8
0.303951367781156,844.17,2.77278562259309,5.01465339985201,4870.299,24602.0,4675.219679762707,3.8
0.3030303030303039,848.983,2.77278562259309,5.01465339985201,4873.287,24556.0,4727.676231784834,3.8
0.302114803625359,848.983,2.77278562259309,5.01465339985201,4873.287,24556.0,4727.676231784834,3.8
0.30120481927711,848.983,2.77278562259309,5.01465339985201,4873.287,24556.0,4727.676231784834,3.9
0.3003003003003019,865.233,2.77278562259309,5.01465339985201,4919.392,24719.0,4781.42211583471,3.8
0.299401197604792,865.233,2.77278562259309,5.01465339985201,4919.392,24719.0,4781.42211583471,3.8
0.2985074626865679,865.233,2.77278562259309,5.01465339985201,4919.392,24719.0,4781.42211583471,3.8
0.297619047619049,881.439,2.77278562259309,5.01465339985201,4956.477,24836.0,4836.595272941184,4.0
0.2967359050445119,881.439,2.77278562259309,5.01465339985201,4956.477,24836.0,4836.595272941184,3.9
0.295857988165682,881.439,2.77278562259309,5.01465339985201,4956.477,24836.0,4836.595272941184,3.8
0.5899705014749289,909.387,4.27179615288537,5.01465339985201,5057.553,25288.0,4891.940357443346,3.7
0.293255131964811,909.387,4.27179615288537,5.01465339985201,5057.553,25288.0,4891.940357443346,3.8
0.292397660818715,909.387,4.27179615288537,5.01465339985201,5057.553,25288.0,4891.940357443346,3.7
0.291545189504355,934.344,4.27179615288537,5.01465339985201,5142.033,25652.0,4946.550003948992,3.5
0.290697674418606,934.344,4.27179615288537,5.01465339985201,5142.033,25652.0,4946.550003948992,3.5
0.5797101449275389,934.344,4.27179615288537,5.01465339985201,5142.033,25652.0,4946.550003948992,3.7
0.576368876080694,950.825,4.27179615288537,5.01465339985201,5181.859,25781.0,5001.696850677182,3.7
0.2865329512894,950.825,4.27179615288537,5.01465339985201,5181.859,25781.0,5001.696850677182,3.5
0.285714285714287,950.825,4.27179615288537,5.01465339985201,5181.859,25781.0,5001.696850677182,3.4
0.569800569800572,968.03,4.27179615288537,5.01465339985201,5202.212,25813.0,5057.171937724266,3.4
0.283286118980171,968.03,4.27179615288537,5.01465339985201,5202.212,25813.0,5057.171937724266,3.4
0.2824858757062159,968.03,4.27179615288537,5.01465339985201,5202.212,25813.0,5057.171937724266,3.4
0.2816901408450529,993.337,5.46238620028745,5.01465339985201,5283.597,26162.0,5110.844525651125,3.4
0.561797752808991,993.337,5.46238620028745,5.01465339985201,5283.597,26162.0,5110.844525651125,3.4
0.837988826815646,993.337,5.46238620028745,5.01465339985201,5283.597,26162.0,5110.844525651125,3.4
0.5540166204986171,1009.02,5.46238620028745,5.01465339985201,5299.625,26181.0,5162.516814194178,3.4
0.275482093663913,1009.02,5.46238620028745,5.01465339985201,5299.625,26181.0,5162.516814194178,3.4
0.549450549450552,1009.02,5.46238620028745,5.01465339985201,5299.625,26181.0,5162.516814194178,3.5
0.546448087431696,1029.956,5.46238620028745,5.01465339985201,5334.6,26281.0,5211.7147729901535,3.5
0.5434782608695671,1029.956,5.46238620028745,5.01465339985201,5334.6,26281.0,5211.7147729901535,3.5
0.270270270270271,1029.956,5.46238620028745,5.01465339985201,5334.6,26281.0,5211.7147729901535,3.7
0.539083557951485,1038.147,5.46238620028745,5.01465339985201,5308.556,26076.0,5258.881293630155,3.7
0.536193029490619,1038.147,5.46238620028745,5.01465339985201,5308.556,26076.0,5258.881293630155,3.5
0.533333333333318,1038.147,5.46238620028745,5.01465339985201,5308.556,26076.0,5258.881293630155,3.5
0.265251989389922,1051.2,5.83825533848251,5.01465339985201,5300.652,25973.0,5304.070427236833,3.9
0.5291005291005311,1051.2,5.83825533848251,5.01465339985201,5300.652,25973.0,5304.070427236833,4.2
0.5263157894736861,1051.2,5.83825533848251,5.01465339985201,5300.652,25973.0,5304.070427236833,4.4
0.785340314136129,1067.375,5.83825533848251,5.01465339985201,5308.164,25929.0,5347.137426621308,4.6
0.259740259740261,1067.375,5.83825533848251,5.01465339985201,5308.164,25929.0,5347.137426621308,4.8
0.518134715025909,1067.375,5.83825533848251,5.01465339985201,5308.164,25929.0,5347.137426621308,4.9
0.515463917525775,1086.059,5.83825533848251,5.01465339985201,5357.077,26079.0,5389.231531937598,5.0
0.0,1086.059,5.83825533848251,5.01465339985201,5357.077,26079.0,5389.231531937598,5.1
0.512820512820515,1086.059,5.83825533848251,5.01465339985201,5357.077,26079.0,5389.231531937598,5.4
0.5102040816326551,1088.608,5.83825533848251,5.01465339985201,5299.672,25710.0,5431.208643669215,5.5
0.5076142131979551,1088.608,5.83825533848251,5.01465339985201,5299.672,25710.0,5431.208643669215,5.9
0.5050505050505071,1088.608,5.83825533848251,5.01465339985201,5299.672,25710.0,5431.208643669215,6.1
0.0,1135.156,4.29276668813051,5.01465339985201,5443.619,26328.0,5474.87007906867,5.9
0.251256281407036,1135.156,4.29276668813051,5.01465339985201,5443.619,26328.0,5474.87007906867,5.9
0.250626566416041,1135.156,4.29276668813051,5.01465339985201,5443.619,26328.0,5474.87007906867,6.0
0.250000000000001,1156.271,4.29276668813051,5.01465339985201,5473.059,26394.0,5521.341641373812,5.9
0.498753117206985,1156.271,4.29276668813051,5.01465339985201,5473.059,26394.0,5521.341641373812,5.9
0.7444168734491341,1156.271,4.29276668813051,5.01465339985201,5473.059,26394.0,5521.341641373812,5.9
0.2463054187191969,1177.675,4.29276668813051,5.01465339985201,5518.072,26529.0,5569.31405166131,6.0
0.2457002457002469,1177.675,4.29276668813051,5.01465339985201,5518.072,26529.0,5569.31405166131,6.1
0.0,1177.675,4.29276668813051,5.01465339985201,5518.072,26529.0,5569.31405166131,6.0
0.2450980392156869,1190.297,4.29276668813051,5.01465339985201,5531.032,26510.0,5617.418731483026,5.8
0.0,1190.297,4.29276668813051,5.01465339985201,5531.032,26510.0,5617.418731483026,6.0
0.4889975550122271,1190.297,4.29276668813051,5.01465339985201,5531.032,26510.0,5617.418731483026,6.0
0.0,1230.609,3.27227824655283,5.01465339985201,5632.649,26932.0,5664.390952910088,5.8
0.486618004866182,1230.609,3.27227824655283,5.01465339985201,5632.649,26932.0,5664.390952910088,5.7
0.242130750605328,1230.609,3.27227824655283,5.01465339985201,5632.649,26932.0,5664.390952910088,5.8
0.241545893719808,1266.369,3.27227824655283,5.01465339985201,5760.47,27478.0,5709.165368090846,5.7
0.240963855421688,1266.369,3.27227824655283,5.01465339985201,5760.47,27478.0,5709.165368090846,5.7
0.240384615384616,1266.369,3.27227824655283,5.01465339985201,5760.47,27478.0,5709.165368090846,5.7
0.479616306954438,1290.566,3.27227824655283,5.01465339985201,5814.854,27666.0,5752.679084228243,5.6
0.238663484486859,1290.566,3.27227824655283,5.01465339985201,5814.854,27666.0,5752.679084228243,5.6
0.238095238095239,1290.566,3.27227824655283,5.01465339985201,5814.854,27666.0,5752.679084228243,5.5
0.475059382422805,1328.904,3.27227824655283,5.01465339985201,5912.22,28055.0,5796.132944078367,5.6
0.2364066193853439,1328.904,3.27227824655283,5.01465339985201,5912.22,28055.0,5796.132944078367,5.3
0.2358490566037749,1328.904,3.27227824655283,5.01465339985201,5912.22,28055.0,5796.132944078367,5.2
0.23529411764706,1377.49,6.17776006377038,5.01465339985201,6058.544,28687.0,5841.03291586763,4.9
0.704225352112679,1377.49,6.17776006377038,5.01465339985201,6058.544,28687.0,5841.03291586763,5.0
0.932400932400936,1377.49,6.17776006377038,5.01465339985201,6058.544,28687.0,5841.03291586763,4.9
0.6928406466512729,1413.887,6.17776006377038,5.01465339985201,6124.506,28935.0,5889.392812192868,5.0
0.6880733944954159,1413.887,6.17776006377038,5.01465339985201,6124.506,28935.0,5889.392812192868,4.9
0.6833712984054549,1413.887,6.17776006377038,5.01465339985201,6124.506,28935.0,5889.392812192868,4.9
0.2262443438914039,1433.838,6.17776006377038,5.01465339985201,6092.301,28711.0,5939.380852894292,4.8
1.80586907449211,1433.838,6.17776006377038,5.01465339985201,6092.301,28711.0,5939.380852894292,4.8
0.2217294900221739,1433.838,6.17776006377038,5.01465339985201,6092.301,28711.0,5939.380852894292,4.8
0.884955752212393,1476.289,6.17776006377038,5.01465339985201,6150.131,28913.0,5991.006667040293,4.6
0.657894736842108,1476.289,6.17776006377038,5.01465339985201,6150.131,28913.0,5991.006667040293,4.8
0.653594771241818,1476.289,6.17776006377038,5.01465339985201,6150.131,28913.0,5991.006667040293,4.9
0.865800865800869,1491.209,11.0548048048048,5.01465339985201,6097.258,28606.0,6043.397120672455,5.1
1.2875536480686598,1491.209,11.0548048048048,5.01465339985201,6097.258,28606.0,6043.397120672455,5.2
1.2711864406779698,1491.209,11.0548048048048,5.01465339985201,6097.258,28606.0,6043.397120672455,5.1
0.418410041841006,1530.056,11.0548048048048,5.01465339985201,6111.751,28613.0,6095.982936382176,5.1
1.24999999999999,1530.056,11.0548048048048,5.01465339985201,6111.751,28613.0,6095.982936382176,5.1
0.823045267489716,1530.056,11.0548048048048,5.01465339985201,6111.751,28613.0,6095.982936382176,5.4
0.8163265306122479,1560.026,11.0548048048048,5.01465339985201,6053.978,28270.0,6147.694309144877,5.5
1.21457489878543,1560.026,11.0548048048048,5.01465339985201,6053.978,28270.0,6147.694309144877,5.5
1.19999999999999,1560.026,11.0548048048048,5.01465339985201,6053.978,28270.0,6147.694309144877,5.9
0.9881422924901228,1599.679,11.0548048048048,5.01465339985201,6030.464,28088.0,6198.816224406326,6.0
0.7827788649706491,1599.679,11.0548048048048,5.01465339985201,6030.464,28088.0,6198.816224406326,6.6
0.776699029126217,1599.679,11.0548048048048,5.01465339985201,6030.464,28088.0,6198.816224406326,7.2
0.3853564547206179,1616.116,9.14314686496535,5.01465339985201,5957.035,27690.0,6248.917232720529,8.1
0.7677543186180329,1616.116,9.14314686496535,5.01465339985201,5957.035,27690.0,6248.917232720529,8.1
0.380952380952383,1616.116,9.14314686496535,5.01465339985201,5957.035,27690.0,6248.917232720529,8.6
0.379506641366226,1651.853,9.14314686496535,5.01465339985201,5999.61,27821.0,6298.432711607687,8.8
0.567107750472592,1651.853,9.14314686496535,5.01465339985201,5999.61,27821.0,6298.432711607687,9.0
0.751879699248124,1651.853,9.14314686496535,5.01465339985201,5999.61,27821.0,6298.432711607687,8.8
1.11940298507463,1709.82,9.14314686496535,5.01465339985201,6102.326,28214.0,6347.675316519736,8.6
0.184501845018451,1709.82,9.14314686496535,5.01465339985201,6102.326,28214.0,6347.675316519736,8.4
0.5524861878452939,1709.82,9.14314686496535,5.01465339985201,6102.326,28214.0,6347.675316519736,8.4
0.549450549450552,1761.831,9.14314686496535,5.01465339985201,6184.53,28520.0,6396.919595825258,8.4
0.7285974499089279,1761.831,9.14314686496535,5.01465339985201,6184.53,28520.0,6396.919595825258,8.3
0.361663652802895,1761.831,9.14314686496535,5.01465339985201,6184.53,28520.0,6396.919595825258,8.2
0.180180180180181,1820.487,5.74481263549085,5.01465339985201,6323.649,29099.0,6445.588479604985,7.9
0.359712230215829,1820.487,5.74481263549085,5.01465339985201,6323.649,29099.0,6445.588479604985,7.7
0.179211469534051,1820.487,5.74481263549085,5.01465339985201,6323.649,29099.0,6445.588479604985,7.6
0.357781753130592,1852.332,5.74481263549085,5.01465339985201,6370.025,29250.0,6494.429566085238,7.7
0.7130124777183391,1852.332,5.74481263549085,5.01465339985201,6370.025,29250.0,6494.429566085238,7.4
0.530973451327436,1852.332,5.74481263549085,5.01465339985201,6370.025,29250.0,6494.429566085238,7.6
0.5281690140845089,1886.558,5.74481263549085,5.01465339985201,6404.895,29335.0,6544.371352731758,7.8
0.525394045534141,1886.558,5.74481263549085,5.01465339985201,6404.895,29335.0,6544.371352731758,7.8
0.34843205574913,1886.558,5.74481263549085,5.01465339985201,6404.895,29335.0,6544.371352731758,7.6
0.5208333333333359,1934.273,5.74481263549085,5.01465339985201,6451.177,29469.0,6594.937087377887,7.7
0.172711571675303,1934.273,5.74481263549085,5.01465339985201,6451.177,29469.0,6594.937087377887,7.8
0.344827586206898,1934.273,5.74481263549085,5.01465339985201,6451.177,29469.0,6594.937087377887,7.8
0.515463917525775,1988.648,6.5016839947284,5.01465339985201,6527.703,29749.0,6647.491698930122,7.5
1.02564102564103,1988.648,6.5016839947284,5.01465339985201,6527.703,29749.0,6647.491698930122,7.6
0.676818950930618,1988.648,6.5016839947284,5.01465339985201,6527.703,29749.0,6647.491698930122,7.4
0.840336134453785,2055.909,6.5016839947284,5.01465339985201,6654.466,30254.0,6701.716062884974,7.2
0.500000000000002,2055.909,6.5016839947284,5.01465339985201,6654.466,30254.0,6701.716062884974,7.0
0.6633499170812629,2055.909,6.5016839947284,5.01465339985201,6654.466,30254.0,6701.716062884974,7.2
0.4942339373970371,2118.473,6.5016839947284,5.01465339985201,6774.457,30713.0,6757.0967562431015,6.9
0.327868852459018,2118.473,6.5016839947284,5.01465339985201,6774.457,30713.0,6757.0967562431015,7.0
0.326797385620916,2118.473,6.5016839947284,5.01465339985201,6774.457,30713.0,6757.0967562431015,6.8
0.3257328990228029,2164.27,6.5016839947284,5.01465339985201,6774.592,30626.0,6814.1531570700345,6.8
0.487012987012989,2164.27,6.5016839947284,5.01465339985201,6774.592,30626.0,6814.1531570700345,6.8
0.323101777059775,2164.27,6.5016839947284,5.01465339985201,6774.592,30626.0,6814.1531570700345,6.4
0.6441223832528,2202.76,7.63096383885606,5.01465339985201,6796.26,30653.0,6872.575345279892,6.4
0.6400000000000029,2202.76,7.63096383885606,5.01465339985201,6796.26,30653.0,6872.575345279892,6.3
0.7949125596184449,2202.76,7.63096383885606,5.01465339985201,6796.26,30653.0,6872.575345279892,6.3
0.788643533123032,2331.633,7.63096383885606,5.01465339985201,7058.92,31757.0,6931.925241334588,6.1
0.938967136150239,2331.633,7.63096383885606,5.01465339985201,7058.92,31757.0,6931.925241334588,6.0
1.08527131782946,2331.633,7.63096383885606,5.01465339985201,7058.92,31757.0,6931.925241334588,5.9
0.7668711656441751,2395.053,7.63096383885606,5.01465339985201,7129.915,31982.0,6992.74508689625,6.2
0.4566210045662121,2395.053,7.63096383885606,5.01465339985201,7129.915,31982.0,6992.74508689625,5.9
0.7575757575757409,2395.053,7.63096383885606,5.01465339985201,7129.915,31982.0,6992.74508689625,6.0
0.902255639097748,2476.949,7.63096383885606,5.01465339985201,7225.75,32318.0,7054.840990784539,5.8
0.447093889716842,2476.949,7.63096383885606,5.01465339985201,7225.75,32318.0,7054.840990784539,5.9
0.445103857566767,2476.949,7.63096383885606,5.01465339985201,7225.75,32318.0,7054.840990784539,6.0
0.8862629246676551,2526.61,11.2544711292795,5.01465339985201,7238.727,32294.0,7119.064398807631,5.9
1.1713030746705602,2526.61,11.2544711292795,5.01465339985201,7238.727,32294.0,7119.064398807631,5.9
1.01302460202605,2526.61,11.2544711292795,5.01465339985201,7238.727,32294.0,7119.064398807631,5.8
1.1461318051576,2591.247,11.2544711292795,5.01465339985201,7246.454,32244.0,7181.644829231282,5.8
1.27478753541075,2591.247,11.2544711292795,5.01465339985201,7246.454,32244.0,7181.644829231282,5.6
1.11888111888112,2591.247,11.2544711292795,5.01465339985201,7246.454,32244.0,7181.644829231282,5.7
1.1065006915629398,2667.565,11.2544711292795,5.01465339985201,7300.281,32386.0,7241.208245028411,5.7
0.95759233926129,2667.565,11.2544711292795,5.01465339985201,7300.281,32386.0,7241.208245028411,6.0
1.08401084010841,2667.565,11.2544711292795,5.01465339985201,7300.281,32386.0,7241.208245028411,5.9
0.8042895442359109,2723.883,11.2544711292795,5.01465339985201,7318.535,32366.0,7296.781864358525,6.0
0.930851063829791,2723.883,11.2544711292795,5.01465339985201,7318.535,32366.0,7296.781864358525,5.9
1.0540184453228,2723.883,11.2544711292795,5.01465339985201,7318.535,32366.0,7296.781864358525,6.0
1.43415906127771,2789.842,13.5492019749684,5.01465339985201,7341.557,32377.0,7347.149549168098,6.3
1.41388174807199,2789.842,13.5492019749684,5.01465339985201,7341.557,32377.0,7347.149549168098,6.3
1.52091254752851,2789.842,13.5492019749684,5.01465339985201,7341.557,32377.0,7347.149549168098,6.3
1.1235955056179798,2797.352,13.5492019749684,5.01465339985201,7190.289,31621.0,7391.46700811808,6.9
0.9876543209876422,2797.352,13.5492019749684,5.01465339985201,7190.289,31621.0,7391.46700811808,7.5
1.1002444987775102,2797.352,13.5492019749684,5.01465339985201,7190.289,31621.0,7391.46700811808,7.6
0.0,2856.483,13.5492019749684,5.01465339985201,7181.743,31489.0,7429.867945147332,7.8
0.725513905683195,2856.483,13.5492019749684,5.01465339985201,7181.743,31489.0,7429.867945147332,7.7
0.840336134453769,2856.483,13.5492019749684,5.01465339985201,7181.743,31489.0,7429.867945147332,7.5
0.952380952380956,2985.557,13.5492019749684,5.01465339985201,7315.677,31990.0,7470.008131567184,7.5
0.825471698113211,2985.557,13.5492019749684,5.01465339985201,7315.677,31990.0,7470.008131567184,7.5
0.935672514619887,2985.557,13.5492019749684,5.01465339985201,7315.677,31990.0,7470.008131567184,7.2
0.8111239860950211,3124.206,10.3347153402771,5.01465339985201,7459.022,32550.0,7512.11129933645,7.5
1.03448275862069,3124.206,10.3347153402771,5.01465339985201,7459.022,32550.0,7512.11129933645,7.4
0.6825938566552779,3124.206,10.3347153402771,5.01465339985201,7459.022,32550.0,7512.11129933645,7.4
0.677966101694918,3162.532,10.3347153402771,5.01465339985201,7403.745,32236.0,7560.539227980742,7.2
0.7856341189674559,3162.532,10.3347153402771,5.01465339985201,7403.745,32236.0,7560.539227980742,7.5
0.8908685968819641,3162.532,10.3347153402771,5.01465339985201,7403.745,32236.0,7560.539227980742,7.5
1.1037527593819,3260.609,10.3347153402771,5.01465339985201,7492.405,32533.0,7611.880792521194,7.2
0.76419213973798,3260.609,10.3347153402771,5.01465339985201,7492.405,32533.0,7611.880792521194,7.4
0.975081256771402,3260.609,10.3347153402771,5.01465339985201,7492.405,32533.0,7611.880792521194,7.6
0.214592274678112,3280.818,10.3347153402771,5.01465339985201,7410.768,32095.0,7666.119259547203,7.9
0.3211991434689519,3280.818,10.3347153402771,5.01465339985201,7410.768,32095.0,7666.119259547203,8.3
0.320170757737447,3280.818,10.3347153402771,5.01465339985201,7410.768,32095.0,7666.119259547203,8.5
0.319148936170214,3274.302,6.13142700027493,5.01465339985201,7295.631,31529.0,7722.489798240562,8.6
0.318133616118771,3274.302,6.13142700027493,5.01465339985201,7295.631,31529.0,7722.489798240562,8.9
-0.105708245243129,3274.302,6.13142700027493,5.01465339985201,7295.631,31529.0,7722.489798240562,9.0
0.423280423280425,3331.972,6.13142700027493,5.01465339985201,7328.912,31603.0,7780.375549942754,9.3
0.948366701791363,3331.972,6.13142700027493,5.01465339985201,7328.912,31603.0,7780.375549942754,9.4
1.25260960334028,3331.972,6.13142700027493,5.01465339985201,7328.912,31603.0,7780.375549942754,9.6
0.515463917525775,3366.322,6.13142700027493,5.01465339985201,7300.896,31402.0,7839.484376554082,9.8
0.205128205128206,3366.322,6.13142700027493,5.01465339985201,7300.896,31402.0,7839.484376554082,9.8
0.2047082906857739,3366.322,6.13142700027493,5.01465339985201,7300.896,31402.0,7839.484376554082,10.1
0.306435137895813,3402.561,6.13142700027493,5.01465339985201,7303.817,31337.0,7899.930112733643,10.4
-0.203665987780042,3402.561,6.13142700027493,5.01465339985201,7303.817,31337.0,7899.930112733643,10.8
-0.4081632653061239,3402.561,6.13142700027493,5.01465339985201,7303.817,31337.0,7899.930112733643,10.8
0.204918032786886,3473.413,3.21243523316065,5.01465339985201,7400.066,31686.0,7960.304811789574,10.4
0.1022494887525569,3473.413,3.21243523316065,4.95254511658214,7400.066,31686.0,7960.304811789574,10.4
0.0,3473.413,3.21243523316065,3.61226055575943,7400.066,31686.0,7960.304811789574,10.3
0.715015321756898,3578.848,3.21243523316065,4.82805415199952,7568.456,32340.0,8022.2961828798,10.2
0.608519269776879,3578.848,3.21243523316065,3.76732629829308,7568.456,32340.0,8022.2961828798,10.1
0.3024193548387109,3578.848,3.21243523316065,2.44129775124315,7568.456,32340.0,8022.2961828798,10.1
0.402010050251258,3689.179,3.21243523316065,3.69758219019019,7719.746,32906.0,8086.217728939871,9.4
0.3003003003003019,3689.179,3.21243523316065,4.8969903682566205,7719.746,32906.0,8086.217728939871,9.5
0.4990019960079729,3689.179,3.21243523316065,4.8378278722189805,7719.746,32906.0,8086.217728939871,9.2
0.297914597815294,3794.706,3.21243523316065,4.70970672176305,7880.794,33513.0,8152.89930992665,8.8
0.1980198019801989,3794.706,3.21243523316065,4.88207173553306,7880.794,33513.0,8152.89930992665,8.5
0.0988142292490123,3794.706,3.21243523316065,3.62676569355638,7880.794,33513.0,8152.89930992665,8.3
0.592300098716673,3908.054,4.30053547523429,4.8524904574294405,8034.847,34103.0,8222.371869757519,8.0
0.49067713444555,3908.054,4.30053547523429,4.6323774287993205,8034.847,34103.0,8222.371869757519,7.8
0.195312500000001,3908.054,4.30053547523429,3.9232261628567,8034.847,34103.0,8222.371869757519,7.8
0.487329434697845,4009.601,4.30053547523429,4.47375381987558,8173.67,34622.0,8294.655233715264,7.7
0.2909796314258139,4009.601,4.30053547523429,3.3975048040301203,8173.67,34622.0,8294.655233715264,7.4
0.290135396518364,4009.601,4.30053547523429,4.54047640450119,8173.67,34622.0,8294.655233715264,7.2
0.385728061716492,4084.25,4.30053547523429,4.70970672176305,8252.465,34871.0,8368.841866005307,7.5
0.384245917387129,4084.25,4.30053547523429,4.69130811372347,8252.465,34871.0,8368.841866005307,7.5
0.4784688995215329,4084.25,4.30053547523429,4.47687654026121,8252.465,34871.0,8368.841866005307,7.3
0.285714285714287,4148.551,4.30053547523429,3.4965341186496497,8320.199,35072.0,8444.488996893508,7.4
0.0,4148.551,4.30053547523429,2.60802524955723,8320.199,35072.0,8444.488996893508,7.2
0.0,4148.551,4.30053547523429,3.5203139041378497,8320.199,35072.0,8444.488996893508,7.3
0.189933523266857,4230.168,3.54564415209365,3.07490272291309,8400.82,35346.0,8520.776500957843,7.3
0.473933649289102,4230.168,3.54564415209365,5.60339750649217,8400.82,35346.0,8520.776500957843,7.2
0.377358490566039,4230.168,3.54564415209365,4.714338130800599,8400.82,35346.0,8520.776500957843,7.2
0.469924812030065,4294.887,3.54564415209365,4.49361632464027,8474.787,35582.0,8597.529524582835,7.3
0.37418147801684,4294.887,3.54564415209365,3.30709306957033,8474.787,35582.0,8597.529524582835,7.2
0.279589934762362,4294.887,3.54564415209365,4.93736852619913,8474.787,35582.0,8597.529524582835,7.4
0.185873605947956,4386.773,3.54564415209365,2.4314834419624702,8604.22,36033.0,8674.318459482858,7.4
0.1855287569573289,4386.773,3.54564415209365,3.459635634645549,8604.22,36033.0,8674.318459482858,7.1
0.2777777777777669,4386.773,3.54564415209365,3.4496080178934503,8604.22,36033.0,8674.318459482858,7.1
0.3693444136657449,4444.094,3.54564415209365,3.4628544852426404,8668.188,36210.0,8750.702428211027,7.1
0.275988960441584,4444.094,3.54564415209365,5.39203871117875,8668.188,36210.0,8750.702428211027,7.0
0.275229357798166,4444.094,3.54564415209365,3.08316960669681,8668.188,36210.0,8750.702428211027,7.0
0.274473924977128,4507.894,1.89804772234276,4.42330037720973,8749.127,36476.0,8826.453132218017,6.7
-0.273722627737227,4507.894,1.89804772234276,3.17019109552263,8749.127,36476.0,8826.453132218017,7.2
-0.4574565416285349,4507.894,1.89804772234276,4.38684814912311,8749.127,36476.0,8826.453132218017,7.2
-0.183823529411765,4545.34,1.89804772234276,4.16962440517514,8788.524,36563.0,8901.68499377897,7.1
0.2762430939226409,4545.34,1.89804772234276,2.24297330698615,8788.524,36563.0,8901.68499377897,7.2
0.550964187327826,4545.34,1.89804772234276,3.39428781716422,8788.524,36563.0,8901.68499377897,7.2
0.0,4607.669,1.89804772234276,4.01960626544133,8872.601,36822.0,8976.738814011691,7.0
0.182648401826473,4607.669,1.89804772234276,3.28286363623527,8872.601,36822.0,8976.738814011691,6.9
0.4557885141294579,4607.669,1.89804772234276,4.0014431118512,8872.601,36822.0,8976.738814011691,7.0
0.0907441016333822,4657.627,1.89804772234276,4.17062103943193,8920.193,36931.0,9051.447259571212,7.0
0.090661831369006,4657.627,1.89804772234276,4.60573723276012,8920.193,36931.0,9051.447259571212,6.9
0.090579710144916,4657.627,1.89804772234276,3.92745273377464,8920.193,36931.0,9051.447259571212,6.6
0.633484162895942,4722.156,3.6645632175169,5.35829784555726,8986.367,37132.0,9125.707602326183,6.6
0.359712230215829,4722.156,3.6645632175169,3.337758063505,8986.367,37132.0,9125.707602326183,6.6
0.4480286738351149,4722.156,3.6645632175169,3.7989855746732,8986.367,37132.0,9125.707602326183,6.6
0.535236396074935,4806.16,3.6645632175169,4.732865770015731,9083.256,37454.0,9199.50738407519,6.3
0.3549245785270639,4806.16,3.6645632175169,4.5063604166125,9083.256,37454.0,9199.50738407519,6.3
0.353669319186562,4806.16,3.6645632175169,2.8685574671557497,9083.256,37454.0,9199.50738407519,6.2
0.26431718061673,4884.555,3.6645632175169,4.18781448084542,9162.024,37685.0,9272.934427672935,6.1
0.5272407732864579,4884.555,3.6645632175169,3.3130276025440604,9162.024,37685.0,9272.934427672935,6.0
0.524475524475527,4884.555,3.6645632175169,5.2275814008822,9162.024,37685.0,9272.934427672935,5.9
0.260869565217404,5007.994,3.6645632175169,3.78495509165797,9319.332,38238.0,9346.699627107131,6.0
0.0867302688638224,5007.994,3.6645632175169,3.3252684401102104,9319.332,38238.0,9346.699627107131,5.8
0.0,5007.994,3.6645632175169,2.84011303455471,9319.332,38238.0,9346.699627107131,5.7
0.259965337954952,5073.372,4.07774110744413,3.3185913873762,9367.502,38359.0,9420.119450572343,5.7
0.259291270527215,5073.372,4.07774110744413,2.90883516980707,9367.502,38359.0,9420.119450572343,5.7
0.4310344827586339,5073.372,4.07774110744413,4.41918005237509,9367.502,38359.0,9420.119450572343,5.7
0.5150214592274699,5190.036,4.07774110744413,4.73749799282637,9490.594,38782.0,9494.034893815831,5.4
0.3415883859948779,5190.036,4.07774110744413,3.41359123842682,9490.594,38782.0,9494.034893815831,5.6
0.4255319148936079,5190.036,4.07774110744413,4.67303747445387,9490.594,38782.0,9494.034893815831,5.4
0.423728813559324,5282.835,4.07774110744413,4.5707267155337306,9546.206,38908.0,9568.099297442566,5.4
0.4219409282700329,5282.835,4.07774110744413,5.27348496252884,9546.206,38908.0,9568.099297442566,5.6
0.6722689075630279,5282.835,4.07774110744413,5.00938206866559,9546.206,38908.0,9568.099297442566,5.4
0.333889816360602,5399.509,4.07774110744413,4.27269773492314,9673.405,39328.0,9642.593857538424,5.4
0.0831946755407767,5399.509,4.07774110744413,2.9566454722601603,9673.405,39328.0,9642.593857538424,5.3
0.166251039068995,5399.509,4.07774110744413,3.95007987430633,9673.405,39328.0,9642.593857538424,5.3
0.497925311203322,5511.253,4.82700303008944,4.6814217758314,9771.725,39648.0,9717.080217838988,5.4
0.41288191577208,5511.253,4.82700303008944,5.20947642461538,9771.725,39648.0,9717.080217838988,5.2
0.5756578947368549,5511.253,4.82700303008944,5.03461040058517,9771.725,39648.0,9717.080217838988,5.0
0.6541291905151291,5612.463,4.82700303008944,4.87906302071213,9846.293,39861.0,9791.538188786051,5.2
0.56864337936636,5612.463,4.82700303008944,5.38800927445156,9846.293,39861.0,9791.538188786051,5.2
0.242326332794821,5612.463,4.82700303008944,3.85500115848694,9846.293,39861.0,9791.538188786051,5.3
0.241740531829182,5695.365,4.82700303008944,5.814260243977491,9919.228,40046.0,9856.68941637144,5.2
0.160771704180044,5695.365,4.82700303008944,2.8558736840949,9919.228,40046.0,9856.68941637144,5.2
0.321027287319424,5695.365,4.82700303008944,3.47288290755019,9919.228,40046.0,9856.68941637144,5.3
0.480000000000002,5747.237,4.82700303008944,5.16912809772758,9938.767,40015.0,9932.27863322103,5.3
0.2388535031847039,5747.237,4.82700303008944,4.1625237636602,9938.767,40015.0,9932.27863322103,5.4
0.158856235107229,5747.237,4.82700303008944,3.7701813758958,9938.767,40015.0,9932.27863322103,5.4
1.03092783505156,5872.701,5.39795643990325,5.216139934786219,10047.386,40361.0,10006.568518061174,5.4
0.470957613814759,5872.701,5.39795643990325,4.981650393083201,10047.386,40361.0,10006.568518061174,5.3
0.546874999999992,5872.701,5.39795643990325,5.2504678803871,10047.386,40361.0,10006.568518061174,5.2
0.155400155400176,5960.028,5.39795643990325,5.3143738222831205,10083.855,40382.0,10079.193683426787,5.4
0.2327385570209169,5960.028,5.39795643990325,3.96649380723344,10083.855,40382.0,10079.193683426787,5.4
0.5417956656347079,5960.028,5.39795643990325,5.6279993107079,10083.855,40382.0,10079.193683426787,5.2
0.384911470361808,6015.116,5.39795643990325,5.30267168754286,10090.569,40266.0,10149.425927599625,5.5
0.92024539877301,6015.116,5.39795643990325,5.66560606341413,10090.569,40266.0,10149.425927599625,5.7
0.83586626139817,6015.116,5.39795643990325,2.8167227080654595,10090.569,40266.0,10149.425927599625,5.9
0.602863602110005,6004.733,5.39795643990325,4.55335048443914,9998.704,39759.0,10217.2256257243,5.9
0.224719101123606,6004.733,5.39795643990325,3.61399611524087,9998.704,39759.0,10217.2256257243,6.2
0.0,6004.733,5.39795643990325,5.05582611888307,9998.704,39759.0,10217.2256257243,6.3
0.5979073243647061,6035.178,4.23496396453849,5.5627844862673,9951.916,39451.0,10283.010879963522,6.4
0.1485884101040319,6035.178,4.23496396453849,4.3550241753906,9951.916,39451.0,10283.010879963522,6.6
0.1483679525222559,6035.178,4.23496396453849,3.65528536937658,9951.916,39451.0,10283.010879963522,6.8
0.148148148148129,6126.862,4.23496396453849,3.37276123638892,10029.51,39632.0,10346.85953271758,6.7
0.295857988165682,6126.862,4.23496396453849,4.46850763239142,10029.51,39632.0,10346.85953271758,6.9
0.294985250737484,6126.862,4.23496396453849,2.90193641246452,10029.51,39632.0,10346.85953271758,6.9
0.147058823529393,6205.937,4.23496396453849,4.44203031238106,10080.195,39691.0,10409.384121426969,6.8
0.293685756240824,6205.937,4.23496396453849,3.08983246488028,10080.195,39691.0,10409.384121426969,6.9
0.439238653001466,6205.937,4.23496396453849,4.0654000776027,10080.195,39691.0,10409.384121426969,6.9
0.145772594752206,6264.54,4.23496396453849,2.3353501360496898,10115.329,39694.0,10471.642872616025,7.0
0.291120815138284,6264.54,4.23496396453849,4.29177716897127,10115.329,39694.0,10471.642872616025,7.0
0.0725689404934595,6264.54,4.23496396453849,2.64599695624381,10115.329,39694.0,10471.642872616025,7.3
0.145032632342278,6363.102,3.02881967814969,1.73273035529145,10236.435,40051.0,10533.754722186615,7.3
0.362056480810998,6363.102,3.02881967814969,2.58885958946806,10236.435,40051.0,10533.754722186615,7.4
0.5050505050505361,6363.102,3.02881967814969,3.78706590402491,10236.435,40051.0,10533.754722186615,7.4
0.143575017946859,6470.763,3.02881967814969,2.42829426223232,10347.429,40350.0,10596.596075537069,7.4
0.143369175627241,6470.763,3.02881967814969,2.80232154164044,10347.429,40350.0,10596.596075537069,7.6
0.3579098067286961,6470.763,3.02881967814969,4.28890893910334,10347.429,40350.0,10596.596075537069,7.8
0.213980028530681,6566.641,3.02881967814969,1.77845400998218,10449.673,40599.0,10660.762526064991,7.7
0.284697508896798,6566.641,3.02881967814969,2.1172726558109902,10449.673,40599.0,10660.762526064991,7.6
0.283889283179561,6566.641,3.02881967814969,1.8647095813975096,10449.673,40599.0,10660.762526064991,7.6
0.353857041755123,6680.803,3.02881967814969,3.78383780857443,10558.648,40881.0,10725.823702416466,7.3
0.141043723554302,6680.803,3.02881967814969,3.27594189784477,10558.648,40881.0,10725.823702416466,7.4
-0.0704225352112772,6680.803,3.02881967814969,1.87801390592812,10558.648,40881.0,10725.823702416466,7.4
0.4933051444679279,6729.459,2.95165696638559,3.442923847625749,10576.275,40829.0,10791.841303819188,7.3
0.350631136044892,6729.459,2.95165696638559,2.29662586946326,10576.275,40829.0,10791.841303819188,7.1
0.34940600978336,6729.459,2.95165696638559,1.7007959361273102,10576.275,40829.0,10791.841303819188,7.0
0.278551532033427,6808.939,2.95165696638559,4.09652033621579,10637.847,40942.0,10859.658680230026,7.1
0.138888888888889,6808.939,2.95165696638559,2.97550405217233,10637.847,40942.0,10859.658680230026,7.1
0.138696255201128,6808.939,2.95165696638559,2.54857377980864,10637.847,40942.0,10859.658680230026,7.0
0.0,6882.098,2.95165696638559,1.68885336227953,10688.606,40997.0,10928.482735745143,6.9
0.2770083102493089,6882.098,2.95165696638559,2.52892755090932,10688.606,40997.0,10928.482735745143,6.8
0.207182320441981,6882.098,2.95165696638559,2.3340019137216204,10688.606,40997.0,10928.482735745143,6.7
0.413507925568557,7013.738,2.95165696638559,3.6998153130413103,10833.987,41423.0,10998.28839890448,6.8
0.0686341798215785,7013.738,2.95165696638559,3.6360647138418094,10833.987,41423.0,10998.28839890448,6.6
0.0,7013.738,2.95165696638559,2.8177074707488297,10833.987,41423.0,10998.28839890448,6.5
0.274348422496554,7115.652,2.60744159215453,2.71177185775588,10939.116,41713.0,11068.947189839351,6.6
0.34199726402188,7115.652,2.60744159215453,3.6058143013175,10939.116,41713.0,11068.947189839351,6.6
0.340831629175198,7115.652,2.60744159215453,2.17453638595826,10939.116,41713.0,11068.947189839351,6.5
0.135869565217392,7246.931,2.60744159215453,2.5146859806895803,11087.361,42154.0,11140.343521101777,6.4
0.0678426051560472,7246.931,2.60744159215453,2.90181334741006,11087.361,42154.0,11140.343521101777,6.1
0.33898305084745,7246.931,2.60744159215453,2.8947919642116497,11087.361,42154.0,11140.343521101777,6.1
0.270270270270271,7331.075,2.60744159215453,2.0694530806578504,11152.176,42264.0,11213.206264654,6.1
0.4043126684636139,7331.075,2.60744159215453,3.5187037719115697,11152.176,42264.0,11213.206264654,6.0
0.268456375838927,7331.075,2.60744159215453,3.74709367119364,11152.176,42264.0,11213.206264654,5.9
0.0669344042838109,7455.288,2.60744159215453,2.22031958593512,11279.932,42618.0,11287.170028853692,5.8
0.13377926421403,7455.288,2.60744159215453,4.39209057745666,11279.932,42618.0,11287.170028853692,5.6
0.0,7455.288,2.60744159215453,1.21608593151488,11279.932,42618.0,11287.170028853692,5.5
0.400801603206414,7522.289,2.80541968853662,4.18619483418634,11319.951,42654.0,11361.822811563516,5.6
0.3992015968063889,7522.289,2.80541968853662,3.3376345207508904,11319.951,42654.0,11361.822811563516,5.4
0.331345261762749,7522.289,2.80541968853662,3.26457127001425,11319.951,42654.0,11361.822811563516,5.4
0.330250990752982,7580.997,2.80541968853662,3.65850979935234,11353.721,42660.0,11437.846726697,5.8
0.197498354180374,7580.997,2.80541968853662,3.5594625767825896,11353.721,42660.0,11437.846726697,5.6
0.197109067017092,7580.997,2.80541968853662,2.09953665851426,11353.721,42660.0,11437.846726697,5.6
0.0,7683.125,2.80541968853662,3.03271532641816,11450.31,42885.0,11514.704122545112,5.7
0.2622950819672139,7683.125,2.80541968853662,2.94234945083716,11450.31,42885.0,11514.704122545112,5.7
0.196206671026807,7683.125,2.80541968853662,3.2632119535976,11450.31,42885.0,11514.704122545112,5.6
0.326370757180149,7772.586,2.80541968853662,3.22700732941383,11528.067,43044.0,11593.611621701011,5.5
-0.0650618087182741,7772.586,2.80541968853662,2.66922899078137,11528.067,43044.0,11593.611621701011,5.6
-0.0651041666666584,7772.586,2.80541968853662,2.5796467388820004,11528.067,43044.0,11593.611621701011,5.6
0.586319218241036,7868.468,2.93120419993441,3.77576772431056,11614.418,43259.0,11674.216233014651,5.6
0.3238341968912019,7868.468,2.93120419993441,2.6189607116124103,11614.418,43259.0,11674.216233014651,5.5
0.516462233699146,7868.468,2.93120419993441,3.1105647730186496,11614.418,43259.0,11674.216233014651,5.5
0.385356454720635,8032.84,2.93120419993441,3.13327571333888,11808.14,43856.0,11760.113983771347,5.6
0.191938579654503,8032.84,2.93120419993441,2.9377900582841403,11808.14,43856.0,11760.113983771347,5.6
0.0638569604086764,8032.84,2.93120419993441,2.51124866161314,11808.14,43856.0,11760.113983771347,5.3
0.191448627951509,8131.408,2.93120419993441,3.1963724632271004,11914.063,44105.0,11852.4657305572,5.5
0.19108280254778,8131.408,2.93120419993441,2.3215009912297,11914.063,44105.0,11852.4657305572,5.1
0.317863954227583,8131.408,2.93120419993441,3.13018982525812,11914.063,44105.0,11852.4657305572,5.2
0.316856780735101,8259.771,2.93120419993441,2.8819818031793303,12037.775,44421.0,11951.077903825388,5.2
0.1895135818066889,8259.771,2.93120419993441,3.4965341186496497,12037.775,44421.0,11951.077903825388,5.4
0.0,8259.771,2.93120419993441,2.20024121572453,12037.775,44421.0,11951.077903825388,5.4
0.315258511979816,8362.655,2.33768993730735,3.02617905351408,12115.472,44590.0,12055.79474049288,5.3
0.314267756128231,8362.655,2.33768993730735,2.34294951187677,12115.472,44590.0,12055.79474049288,5.2
0.250626566416041,8362.655,2.33768993730735,2.95319457160124,12115.472,44590.0,12055.79474049288,5.2
0.124999999999984,8518.825,2.33768993730735,2.9877083499694,12317.221,45203.0,12165.991891986052,5.1
-0.0624219725343241,8518.825,2.33768993730735,2.63567345485551,12317.221,45203.0,12165.991891986052,4.9
0.124921923797643,8518.825,2.33768993730735,2.49848264690866,12317.221,45203.0,12165.991891986052,5.0
0.124766063630677,8662.823,2.33768993730735,2.02617633760405,12471.01,45616.0,12282.13962359006,4.9
0.186915887850476,8662.823,2.33768993730735,2.31561868855912,12471.01,45616.0,12282.13962359006,4.8
0.248756218905457,8662.823,2.33768993730735,2.53199694313149,12471.01,45616.0,12282.13962359006,4.9
0.248138957816378,8765.907,2.33768993730735,2.48154492879276,12577.495,45862.0,12403.091482098456,4.7
-0.061881188118804,8765.907,2.33768993730735,2.7079596776415897,12577.495,45862.0,12403.091482098456,4.6
-0.12383900928791,8765.907,2.33768993730735,3.06873423353,12577.495,45862.0,12403.091482098456,4.7
0.185988840669536,8866.48,1.55227909874364,2.42179277848711,12703.742,46204.0,12528.530888617106,4.6
0.185643564356445,8866.48,1.55227909874364,2.87065094209522,12703.742,46204.0,12528.530888617106,4.6
0.1852995676343349,8866.48,1.55227909874364,2.44301532251741,12703.742,46204.0,12528.530888617106,4.7
0.184956843403215,8969.699,1.55227909874364,2.2748187478653,12821.339,46504.0,12658.992515858536,4.3
0.184615384615393,8969.699,1.55227909874364,3.03777216799082,12821.339,46504.0,12658.992515858536,4.4
0.1228501228501229,8969.699,1.55227909874364,3.12389474765322,12821.339,46504.0,12658.992515858536,4.5
0.1226993865030519,9121.097,1.55227909874364,3.21477716314102,12982.752,46943.0,12792.919917948158,4.5
0.12254901960786,9121.097,1.55227909874364,3.3717716016433705,12982.752,46943.0,12792.919917948158,4.5
0.122399020807818,9121.097,1.55227909874364,3.1662397199017995,12982.752,46943.0,12792.919917948158,4.6
0.24449877750613,9293.991,1.55227909874364,3.33701606701728,13191.67,47555.0,12930.454186030614,4.5
0.0,9293.991,1.55227909874364,2.1930187838977,13191.67,47555.0,12930.454186030614,4.4
-0.0609756097561058,9293.991,1.55227909874364,1.9936687234930897,13191.67,47555.0,12930.454186030614,4.4
0.244051250762677,9411.682,2.18802719697358,1.54917204327125,13315.597,47880.0,13071.535334705315,4.3
0.121728545343868,9411.682,2.18802719697358,1.74041061308616,13315.597,47880.0,13071.535334705315,4.4
0.303951367781164,9411.682,2.18802719697358,1.84262079989537,13315.597,47880.0,13071.535334705315,4.2
0.7272727272727141,9526.21,2.18802719697358,2.67599038238358,13426.748,48148.0,13215.180024333278,4.3
0.0,9526.21,2.18802719697358,1.7151774759723402,13426.748,48148.0,13215.180024333278,4.2
0.0,9526.21,2.18802719697358,1.18284460497857,13426.748,48148.0,13215.180024333278,4.3
0.300842358604085,9686.626,2.18802719697358,2.39370686970688,13604.771,48632.0,13360.999676380285,4.3
0.2399520095980969,9686.626,2.18802719697358,2.3615824284601,13604.771,48632.0,13360.999676380285,4.2
0.478755236385384,9686.626,2.18802719697358,2.4805631178883303,13604.771,48632.0,13360.999676380285,4.2
0.178677784395466,9900.169,2.18802719697358,1.69360586521141,13827.98,49281.0,13508.997005238016,4.1
0.0594530321046454,9900.169,2.18802719697358,2.18775527240926,13827.98,49281.0,13508.997005238016,4.1
0.0,9900.169,2.18802719697358,2.6023734453745497,13827.98,49281.0,13508.997005238016,4.0
0.297088532382659,10002.179,3.37685727149929,3.85177112617523,13878.147,49335.0,13657.90971844553,4.0
0.5924170616113771,10002.179,3.37685727149929,2.78558392501993,13878.147,49335.0,13657.90971844553,4.1
0.8244994110718371,10002.179,3.37685727149929,3.41680877584016,13878.147,49335.0,13657.90971844553,4.0
0.058411214953279,10247.72,3.37685727149929,2.27690126641777,14130.908,50109.0,13802.557909996083,3.8
0.116754232340923,10247.72,3.37685727149929,2.85353384475986,14130.908,50109.0,13802.557909996083,4.0
0.524781341107882,10247.72,3.37685727149929,3.14253450270141,14130.908,50109.0,13802.557909996083,4.0
0.23201856148492,10318.165,3.37685727149929,3.4363633527404702,14145.312,50024.0,13940.660485459985,4.0
0.0,10318.165,3.37685727149929,2.87570061509343,14145.312,50024.0,13940.660485459985,4.1
0.5208333333333119,10318.165,3.37685727149929,3.06873423353,14145.312,50024.0,13940.660485459985,3.9
0.1727115716753109,10435.744,3.37685727149929,2.7010732653574503,14229.765,50190.0,14071.40193345432,3.9
0.0574712643678088,10435.744,3.37685727149929,2.65177399972001,14229.765,50190.0,14071.40193345432,3.9
-0.0574382538770748,10435.744,3.37685727149929,3.2964610225159103,14229.765,50190.0,14071.40193345432,3.9
0.632183908045972,10470.231,2.82617111885407,4.0764778317574,14183.12,49911.0,14194.982061117891,4.2
0.39977155910909,10470.231,2.82617111885407,2.8367889543748905,14183.12,49911.0,14194.982061117891,4.2
0.2275312855517489,10470.231,2.82617111885407,2.99214660516078,14183.12,49911.0,14194.982061117891,4.3
0.3972758229285,10599.0,2.82617111885407,3.14463308812682,14271.694,50105.0,14311.539722786703,4.4
0.4522328999434579,10599.0,2.82617111885407,3.5011161919658704,14271.694,50105.0,14311.539722786703,4.3
0.16882386043895,10599.0,2.82617111885407,3.52180031475502,14271.694,50105.0,14311.539722786703,4.5
-0.2808988764044881,10598.02,2.82617111885407,2.4350411076885496,14214.516,49774.0,14421.269310856644,4.6
0.0,10598.02,2.82617111885407,3.80544284558475,14214.516,49774.0,14421.269310856644,4.9
0.450704225352114,10598.02,2.82617111885407,2.78250757475318,14214.516,49774.0,14421.269310856644,5.0
-0.33651149747618,10660.465,2.82617111885407,4.18407658200821,14253.574,49783.0,14525.2256684961,5.3
-0.168823860438935,10660.465,2.82617111885407,3.4431714115967296,14253.574,49783.0,14525.2256684961,5.5
-0.394588500563707,10660.465,2.82617111885407,2.47528603199942,14253.574,49783.0,14525.2256684961,5.7
0.2263723825693279,10783.5,1.58603162650601,2.7615896715014903,14372.785,50091.0,14624.00334547519,5.7
0.395256916996071,10783.5,1.58603162650601,3.38352407504046,14372.785,50091.0,14624.00334547519,5.7
0.562429696287966,10783.5,1.58603162650601,2.8726214230371,14372.785,50091.0,14624.00334547519,5.7
0.559284116331084,10887.46,1.58603162650601,2.67648214481753,14460.848,50286.0,14719.438901074744,5.9
0.0,10887.46,1.58603162650601,2.42019843819257,14460.848,50286.0,14719.438901074744,5.8
0.0556173526140231,10887.46,1.58603162650601,2.5025331988713,14460.848,50286.0,14719.438901074744,5.8
0.111172873818774,10984.04,1.58603162650601,2.24505523113134,14519.633,50362.0,14813.102098646215,5.8
0.333148250971684,10984.04,1.58603162650601,2.28572177593909,14519.633,50362.0,14813.102098646215,5.7
0.16602102933039,10984.04,1.58603162650601,2.71779789775748,14519.633,50362.0,14813.102098646215,5.7
0.165745856353599,11061.433,1.58603162650601,2.31390307533894,14537.58,50302.0,14905.535686049085,5.7
0.0,11061.433,1.58603162650601,1.9109760074518305,14537.58,50302.0,14905.535686049085,5.9
-0.220628792057364,11061.433,1.58603162650601,3.01261428455382,14537.58,50302.0,14905.535686049085,6.0
0.442233278054161,11174.129,2.27009497336115,2.18139042769816,14614.141,50462.0,14997.837108045062,5.8
0.770500825536602,11174.129,2.27009497336115,1.9758302344968104,14614.141,50462.0,14997.837108045062,5.9
0.600764609502999,11174.129,2.27009497336115,1.12621180925949,14614.141,50462.0,14997.837108045062,5.9
-0.2171552660151869,11312.766,2.27009497336115,0.553036890472014,14743.567,50796.0,15090.807386325983,6.0
-0.163220892274219,11312.766,2.27009497336115,1.07578818642804,14743.567,50796.0,15090.807386325983,6.1
0.108991825613079,11312.766,2.27009497336115,1.12305963544221,14743.567,50796.0,15090.807386325983,6.3
0.1088731627653789,11566.669,2.27009497336115,2.6710731226571096,14988.782,51512.0,15183.877363796682,6.2
0.380641653072316,11566.669,2.27009497336115,2.35741426924818,14988.782,51512.0,15183.877363796682,6.1
0.3250270855904669,11566.669,2.27009497336115,2.02226514469577,14988.782,51512.0,15183.877363796682,6.1
-0.107991360691145,11772.234,2.27009497336115,2.09586749439761,15162.76,51986.0,15278.388684793345,6.0
-0.2702702702702639,11772.234,2.27009497336115,1.1863624116481102,15162.76,51986.0,15278.388684793345,5.8
-0.108401084010841,11772.234,2.27009497336115,1.79882233944806,15162.76,51986.0,15278.388684793345,5.7
0.48833423765599,11923.447,2.67723669309172,2.2200747059839503,15248.68,52179.0,15374.838882758811,5.7
0.5399568034557121,11923.447,2.67723669309172,2.91265455346974,15248.68,52179.0,15374.838882758811,5.6
0.644468313641263,11923.447,2.67723669309172,2.7344022682197897,15248.68,52179.0,15374.838882758811,5.8
0.320170757737461,12112.815,2.67723669309172,2.5383819269539303,15366.85,52469.0,15472.994124038232,5.6
0.585106382978719,12112.815,2.67723669309172,3.2174948905270697,15366.85,52469.0,15472.994124038232,5.6
0.317292437863566,12112.815,2.67723669309172,2.72493144884725,15366.85,52469.0,15472.994124038232,5.6
-0.158144438587237,12305.307,2.67723669309172,1.77113695955513,15512.619,52835.0,15573.526926169096,5.5
0.0527983104540587,12305.307,2.67723669309172,2.87323745174035,15512.619,52835.0,15573.526926169096,5.4
0.211081794195252,12305.307,2.67723669309172,2.1466349952753,15512.619,52835.0,15573.526926169096,5.4
0.526592943654557,12527.214,2.67723669309172,2.6605010937276203,15670.88,53242.0,15675.558624075442,5.5
0.0523834468308086,12527.214,2.67723669309172,1.4800663055379,15670.88,53242.0,15675.558624075442,5.4
-0.366492146596853,12527.214,2.67723669309172,1.91524972608856,15670.88,53242.0,15675.558624075442,5.4
0.2101944298475959,12767.286,3.3927468454955,3.4217591363454103,15844.727,53719.0,15775.796136923083,5.3
0.576822233875206,12767.286,3.3927468454955,3.30400229074104,15844.727,53719.0,15775.796136923083,5.4
0.782064650677772,12767.286,3.3927468454955,1.8971793950121696,15844.727,53719.0,15775.796136923083,5.2
0.672529746508014,12922.656,3.3927468454955,2.09647901335652,15922.782,53868.0,15873.169983958667,5.2
-0.1027749229187949,12922.656,3.3927468454955,3.16846235161856,15922.782,53868.0,15873.169983958667,5.1
0.0514403292181004,12922.656,3.3927468454955,1.62477538920178,15922.782,53868.0,15873.169983958667,5.0
0.462724935732656,13142.642,3.3927468454955,3.0286455734746403,16047.587,54153.0,15968.843339929685,5.0
0.5117707267144339,13142.642,3.3927468454955,2.22215620270876,16047.587,54153.0,15968.843339929685,4.9
1.22199592668025,13142.642,3.3927468454955,4.02470724061161,16047.587,54153.0,15968.843339929685,5.0
0.201207243460752,13324.204,3.3927468454955,3.3315751559861897,16136.734,54317.0,16062.035941635966,5.0
-0.8032128514056259,13324.204,3.3927468454955,2.83691194814226,16136.734,54317.0,16062.035941635966,5.0
-0.40485829959513,13324.204,3.3927468454955,2.20489319920401,16136.734,54317.0,16062.035941635966,4.9
0.762195121951216,13599.16,3.22594410070404,2.88432186623886,16353.835,54927.0,16152.594087556376,4.7
0.20171457387795,13599.16,3.22594410070404,2.07202087371556,16353.835,54927.0,16152.594087556376,4.8
0.55359838953198,13599.16,3.22594410070404,3.08218251360963,16353.835,54927.0,16152.594087556376,4.7
0.8508508508508341,13753.424,3.22594410070404,2.8870316165126,16396.151,54945.0,16240.797141806725,4.7
0.496277915632743,13753.424,3.22594410070404,4.28816068458393,16396.151,54945.0,16240.797141806725,4.6
0.1975308641975319,13753.424,3.22594410070404,3.19983083499134,16396.151,54945.0,16240.797141806725,4.6
0.295712173484489,13870.188,3.22594410070404,3.05393052415284,16420.738,54886.0,16324.825212317572,4.7
0.196560196560197,13870.188,3.22594410070404,4.62137039677921,16420.738,54886.0,16324.825212317572,4.7
-0.490436488474757,13870.188,3.22594410070404,2.1062637733366696,16420.738,54886.0,16324.825212317572,4.5
-0.542138984721521,14039.56,3.22594410070404,3.6506970400157694,16561.866,55216.0,16404.43190398646,4.4
-0.148662041625379,14039.56,3.22594410070404,3.02469916751935,16561.866,55216.0,16404.43190398646,4.5
0.148883374689833,14039.56,3.22594410070404,2.72554654380133,16561.866,55216.0,16404.43190398646,4.4
0.305252725470763,14215.651,2.85267248150138,2.9644102631689195,16611.69,55260.0,16484.888028846122,4.6
0.5350367559876621,14215.651,2.85267248150138,4.4470256400193495,16611.69,55260.0,16484.888028846122,4.5
0.910569585108543,14215.651,2.85267248150138,2.6885311218425296,16611.69,55260.0,16484.888028846122,4.4
0.6496162686508891,14402.082,2.85267248150138,2.36832536836802,16713.314,55474.0,16566.649925173915,4.5
0.61107186747047,14402.082,2.85267248150138,2.35349143799752,16713.314,55474.0,16566.649925173915,4.4
0.193797517660565,14402.082,2.85267248150138,3.2680317367730405,16713.314,55474.0,16566.649925173915,4.6
-0.0254377207802054,14564.117,2.85267248150138,2.82817098511783,16809.587,55649.0,16649.553222510956,4.7
-0.183390222708711,14564.117,2.85267248150138,2.18457280462696,16809.587,55649.0,16649.553222510956,4.6
0.275590740535893,14564.117,2.85267248150138,3.7044060077008303,16809.587,55649.0,16649.553222510956,4.7
0.213919132812117,14715.058,2.85267248150138,3.43463052089827,16915.191,55857.0,16732.836359592024,4.7
0.5939617873415811,14715.058,2.85267248150138,3.475359352757,16915.191,55857.0,16732.836359592024,4.7
-0.0670863129647814,14715.058,2.85267248150138,2.98265388398264,16915.191,55857.0,16732.836359592024,5.0
0.4970576472604689,14706.538,3.839100296651,3.28360527628442,16843.003,55497.0,16815.605755710523,5.0
0.290411218495348,14706.538,3.839100296651,2.85747436326564,16843.003,55497.0,16815.605755710523,4.9
0.866821293098967,14706.538,3.839100296651,3.0404857461239905,16843.003,55497.0,16815.605755710523,5.1
0.6064778389719561,14865.701,3.839100296651,2.24101388446512,16943.291,55705.0,16895.89498163922,5.0
0.8420886031756311,14865.701,3.839100296651,2.4627692895931,16943.291,55705.0,16895.89498163922,5.4
1.0076996934894,14865.701,3.839100296651,4.05370089545272,16943.291,55705.0,16895.89498163922,5.6
0.525101112812213,14898.999,3.839100296651,3.98912873927892,16854.295,55278.0,16973.238277426874,5.8
-0.3991562255641739,14898.999,3.839100296651,2.94013128490127,16854.295,55278.0,16973.238277426874,6.1
-0.1383018540664549,14898.999,3.839100296651,3.17438970761372,16854.295,55278.0,16973.238277426874,6.1
-1.01013332845789,14608.209,3.839100296651,2.20171024216991,16485.35,53941.0,17046.57639205772,6.5
-1.9152895328595805,14608.209,3.839100296651,1.93625366578525,16485.35,53941.0,17046.57639205772,6.8
-1.03424738142875,14608.209,3.839100296651,0.3634841508005421,16485.35,53941.0,17046.57639205772,7.3
0.435241737542101,14430.902,-0.355546266299747,2.40364062502632,16298.262,53221.0,17114.50017798746,7.8
0.4972933035904749,14430.902,-0.355546266299747,2.14357605719473,16298.262,53221.0,17114.50017798746,8.3
0.24317484554154,14430.902,-0.355546266299747,1.90828983085518,16298.262,53221.0,17114.50017798746,8.7
0.2496368277787989,14381.236,-0.355546266299747,1.86117019943739,16269.145,53017.0,17178.410062824227,9.0
0.288876383417745,14381.236,-0.355546266299747,1.29376893720741,16269.145,53017.0,17178.410062824227,9.4
0.8589892263953359,14381.236,-0.355546266299747,0.75584590889346,16269.145,53017.0,17178.410062824227,9.5
-0.158558692215323,14448.882,-0.355546266299747,0.125832513392354,16326.281,53081.0,17238.915827103265,9.5
0.224285004481049,14448.882,-0.355546266299747,1.6255061079099,16326.281,53081.0,17238.915827103265,9.6
0.0625480693495817,14448.882,-0.355546266299747,0.914369783533586,16326.281,53081.0,17238.915827103265,9.8
0.0963101185818578,14651.249,-0.355546266299747,1.1903654188135,16502.754,53531.0,17297.998502211558,10.0
0.0707753368767079,14651.249,-0.355546266299747,0.516016421313492,16502.754,53531.0,17297.998502211558,9.9
-0.176119816946313,14651.249,-0.355546266299747,0.460810409841406,16502.754,53531.0,17297.998502211558,9.9
0.34174735701485,14764.61,1.6400434423899,0.680110845940707,16582.71,53683.0,17357.90598072023,9.8
0.024920738207648,14764.61,1.6400434423899,-0.1066278542679489,16582.71,53683.0,17357.90598072023,9.8
0.4106283536571079,14764.61,1.6400434423899,-0.286064246298046,16582.71,53683.0,17357.90598072023,9.9
0.173688491069743,14980.193,1.6400434423899,0.4526162541784729,16743.162,54100.0,17419.58971646213,9.9
0.0775197354237721,14980.193,1.6400434423899,0.27574788971958,16743.162,54100.0,17419.58971646213,9.6
-0.0976267084673888,14980.193,1.6400434423899,1.2647526767523898,16743.162,54100.0,17419.58971646213,9.4
0.0211043057371509,15141.607,1.6400434423899,0.632305068442718,16872.266,54401.0,17484.478311341583,9.4
0.138066427840807,15141.607,1.6400434423899,0.4302059340372199,16872.266,54401.0,17484.478311341583,9.5
0.0581736230715569,15141.607,1.6400434423899,1.53627227687154,16872.266,54401.0,17484.478311341583,9.5
0.1245198888476959,15309.474,1.6400434423899,1.1260905710720202,16960.864,54569.0,17551.856970377874,9.4
0.0420646423819507,15309.474,1.6400434423899,1.31829898066591,16960.864,54569.0,17551.856970377874,9.8
0.1718440789203089,15309.474,1.6400434423899,1.393380280754,16960.864,54569.0,17551.856970377874,9.3
0.4763230053974139,15351.448,3.156841568622,2.27322625990496,16920.632,54341.0,17621.83311229873,9.1
0.493136502545162,15351.448,3.156841568622,2.8169688979258902,16920.632,54341.0,17621.83311229873,9.0
0.975107203050938,15351.448,3.156841568622,1.74418998266395,16920.632,54341.0,17621.83311229873,9.0
0.643942953545699,15557.539,3.156841568622,2.24921919600376,17035.114,54610.0,17694.289734496488,9.1
0.470418752723364,15557.539,3.156841568622,2.3058155396239,17035.114,54610.0,17694.289734496488,9.0
-0.107096705669922,15557.539,3.156841568622,1.92672807632472,17035.114,54610.0,17694.289734496488,9.1
0.0886045666793554,15647.68,3.156841568622,2.5370313756665,17031.313,54482.0,17769.091548927314,9.0
0.27575889023645,15647.68,3.156841568622,3.1779707716990093,17031.313,54482.0,17769.091548927314,9.0
0.151846211569461,15647.68,3.156841568622,2.49197707942446,17031.313,54482.0,17769.091548927314,9.0
-0.206268263335836,15842.259,3.156841568622,2.02226514469577,17222.583,54979.0,17845.433170509936,8.8
-0.084356133044206,15842.259,3.156841568622,1.84701379887522,17222.583,54979.0,17845.433170509936,8.6
-0.2466516377138169,15842.259,3.156841568622,2.37433305779156,17222.583,54979.0,17845.433170509936,8.5
0.440019142826751,16068.805,2.06933726526067,3.19808928450254,17367.01,55342.0,17923.095226368296,8.3
0.4402973551276311,16068.805,2.06933726526067,1.6845519133678302,17367.01,55342.0,17923.095226368296,8.3
0.7594558623930859,16068.805,2.06933726526067,2.42029632056173,17367.01,55342.0,17923.095226368296,8.2
0.302102950408034,16207.115,2.06933726526067,2.2851338427891696,17444.525,55490.0,18002.35699627026,8.2
-0.117347936632105,16207.115,2.06933726526067,1.7320720722101297,17444.525,55490.0,18002.35699627026,8.2
-0.146639688445049,16207.115,2.06933726526067,1.92206327761144,17444.525,55490.0,18002.35699627026,8.2
-0.162978586182561,16319.541,2.06933726526067,2.08371119432122,17469.65,55454.0,18082.64574996694,8.2
0.556515818143709,16319.541,2.06933726526067,2.4238660191344503,17469.65,55454.0,18082.64574996694,8.1
0.4462212267611311,16319.541,2.06933726526067,2.2866037427289303,17469.65,55454.0,18082.64574996694,7.8
-0.0388925140553232,16420.419,2.06933726526067,1.87504766315374,17489.852,55403.0,18163.79376867256,7.8
-0.4738086694881879,16420.419,2.06933726526067,2.0721553787935503,17489.852,55403.0,18163.79376867256,7.7
-0.269306449020735,16420.419,2.06933726526067,1.79065016566902,17489.852,55403.0,18163.79376867256,7.9
0.295730419292604,16648.189,1.46483265562717,2.74180750368704,17662.4,55859.0,18246.42137114204,8.0
0.819002952926876,16648.189,1.46483265562717,2.45154222786008,17662.4,55859.0,18246.42137114204,7.7
0.261450858437495,16648.189,1.46483265562717,1.21535791179703,17662.4,55859.0,18246.42137114204,7.5
-0.103963947708716,16728.687,1.46483265562717,2.088884185994,17709.671,55914.0,18329.440468379704,7.6
0.178040777358723,16728.687,1.46483265562717,1.9563823322529,17709.671,55914.0,18329.440468379704,7.5
0.2399708085599499,16728.687,1.46483265562717,2.13725043962469,17709.671,55914.0,18329.440468379704,7.5
0.0393997533233011,16953.838,1.46483265562717,2.00320004740069,17860.45,56272.0,18412.74484097609,7.3
0.12029315570472,16953.838,1.46483265562717,2.1480298989162,17860.45,56272.0,18412.74484097609,7.2
0.1163004485263469,16953.838,1.46483265562717,2.23216017314456,17860.45,56272.0,18412.74484097609,7.2
-0.257528325980464,17192.019,1.46483265562717,1.16372929089217,18016.147,56642.0,18496.9339613381,7.2
-0.204242419052338,17192.019,1.46483265562717,2.60550640737742,18016.147,56642.0,18496.9339613381,6.9
-0.008581149788259,17192.019,1.46483265562717,2.8446440822717203,18016.147,56642.0,18496.9339613381,6.7
0.3720247673236049,17197.738,1.62222297740817,2.40632650352188,17953.974,56345.0,18582.016790391182,6.6
0.369790865096873,17197.738,1.62222297740817,2.3508313464702497,17953.974,56345.0,18582.016790391182,6.7
0.6440044126228239,17197.738,1.62222297740817,2.8589766754357098,17953.974,56345.0,18582.016790391182,6.7
0.329675445315773,17518.508,1.62222297740817,2.21493222879676,18185.911,56968.0,18667.80786379332,6.2
0.34926098400487,17518.508,1.62222297740817,2.54562660708071,18185.911,56968.0,18667.80786379332,6.3
0.186212694409411,17518.508,1.62222297740817,1.31136444111866,18185.911,56968.0,18667.80786379332,6.1
-0.0390193964161093,17804.228,1.62222297740817,2.4049038383757497,18406.941,57536.0,18755.21302916832,6.2
-0.167051416579219,17804.228,1.62222297740817,1.75173691535098,18406.941,57536.0,18755.21302916832,6.1
0.0752568824311014,17804.228,1.62222297740817,1.93541098458714,18406.941,57536.0,18755.21302916832,5.9
-0.2512277812553889,17912.079,1.62222297740817,2.4289565511268,18500.031,57702.0,18843.33814024208,5.7
-0.539941794106119,17912.079,1.62222297740817,2.25631054100233,18500.031,57702.0,18843.33814024208,5.8
-0.567010091001089,17912.079,1.62222297740817,2.3833942455642,18500.031,57702.0,18843.33814024208,5.6
-0.470589237347324,18063.529,0.118627135552451,1.94752959883826,18666.621,58121.0,18931.98108998837,5.7
0.434304492377206,18063.529,0.118627135552451,1.95449451571832,18666.621,58121.0,18931.98108998837,5.5
0.5951721611097321,18063.529,0.118627135552451,2.43333592636743,18666.621,58121.0,18931.98108998837,5.4
0.2032873254587689,18279.784,0.118627135552451,2.96265053867684,18782.243,58376.0,19021.10442842243,5.4
0.509723202549469,18279.784,0.118627135552451,2.5012910991095,18782.243,58376.0,19021.10442842243,5.6
0.350286999852812,18279.784,0.118627135552451,2.97239956431092,18782.243,58376.0,19021.10442842243,5.3
0.0067047159295661,18401.626,0.118627135552451,1.9220253006031696,18857.418,58486.0,19110.07094297624,5.2
-0.141627628281935,18401.626,0.118627135552451,1.63579063211565,18857.418,58486.0,19110.07094297624,5.1
-0.155675657530359,18401.626,0.118627135552451,2.99841569275872,18857.418,58486.0,19110.07094297624,5.0
-0.0449683750446447,18435.137,0.118627135552451,2.28316449144805,18892.206,58470.0,19198.65854737205,5.0
-0.211068037908146,18435.137,0.118627135552451,2.2654806001265,18892.206,58470.0,19198.65854737205,5.1
-0.341709643711866,18435.137,0.118627135552451,1.83471969623819,18892.206,58470.0,19198.65854737205,5.0
0.165310220906868,18525.933,1.26158320570536,2.70841659132004,19001.69,58704.0,19286.92528144557,4.8
0.0823076533454985,18525.933,1.26158320570536,2.53771440127248,19001.69,58704.0,19286.92528144557,4.9
0.4306000143392679,18525.933,1.26158320570536,2.22200455864592,19001.69,58704.0,19286.92528144557,5.0
0.4741067979104,18711.702,1.26158320570536,3.8254778833095098,19062.709,58787.0,19375.15066769707,5.1
0.404579099811517,18711.702,1.26158320570536,3.2805191880404,19062.709,58787.0,19375.15066769707,4.8
0.3284366167281879,18711.702,1.26158320570536,2.10339046055212,19062.709,58787.0,19375.15066769707,4.9
-0.161813640474981,18892.639,1.26158320570536,2.49016471097936,19197.938,59084.0,19463.20457345448,4.8
0.0918430107884498,18892.639,1.26158320570536,2.7425708907920803,19197.938,59084.0,19463.20457345448,4.9
0.240399586462898,18892.639,1.26158320570536,2.49832933493122,19197.938,59084.0,19463.20457345448,5.0
0.124674851301432,19089.379,1.26158320570536,2.01802556175075,19304.352,59296.0,19551.31061719399,4.9
-0.155546086733514,19089.379,1.26158320570536,2.45883151623452,19304.352,59296.0,19551.31061719399,4.7
0.0327321392317517,19089.379,1.26158320570536,2.03838510774881,19304.352,59296.0,19551.31061719399,4.7
0.582772789025459,19280.084,2.13011000365961,3.43630577482943,19398.343,59494.0,19640.089472818603,4.7
0.314611738641666,19280.084,2.13011000365961,3.2923463387532204,19398.343,59494.0,19640.089472818603,4.6
0.0812797871947232,19280.084,2.13011000365961,1.91438367511723,19398.343,59494.0,19640.089472818603,4.4
0.296553336532688,19438.643,2.13011000365961,1.55365836257901,19506.949,59736.0,19730.29792327776,4.4
0.0854721826896363,19438.643,2.13011000365961,2.1132188709843502,19506.949,59736.0,19730.29792327776,4.4
0.0907111014861139,19438.643,2.13011000365961,1.8968337862046696,19506.949,59736.0,19730.29792327776,4.3
-0.0689922638852295,19692.595,2.13011000365961,2.1220936834140702,19660.766,60099.0,19823.602552180768,4.3
0.299445229710857,19692.595,2.13011000365961,2.2747579876520403,19660.766,60099.0,19823.602552180768,4.4
0.5294905893230339,19692.595,2.13011000365961,2.8702567714483,19660.766,60099.0,19823.602552180768,4.3
-0.0632042103727646,20037.088,2.13011000365961,2.4249630240346502,19882.352,60674.0,19919.84185253096,4.2
0.0024324685907436,20037.088,2.13011000365961,2.42039295861358,19882.352,60674.0,19919.84185253096,4.2
-0.05878322772623,20037.088,2.13011000365961,2.95574718908234,19882.352,60674.0,19919.84185253096,4.1
0.544774545277541,20328.553,2.44258329692817,4.17000041826154,20044.077,61093.0,20019.170108155347,4.0
0.45346899748655,20328.553,2.44258329692817,2.01327934554867,20044.077,61093.0,20019.170108155347,4.1
0.2261125904149039,20328.553,2.44258329692817,1.961900073725389,20044.077,61093.0,20019.170108155347,4.0
0.397509156334893,20580.912,2.44258329692817,2.93200914809488,20150.476,61336.0,20121.719174325484,4.0
0.4158916925435,20580.912,2.44258329692817,2.9818325508401204,20150.476,61336.0,20121.719174325484,3.8
0.159387570154372,20580.912,2.44258329692817,2.6321178885371204,20150.476,61336.0,20121.719174325484,4.0
0.0067463262285171,20798.73,2.44258329692817,2.11149391449985,20276.154,61622.0,20226.065825728,3.8
0.0555542328357295,20798.73,2.44258329692817,2.2967112867851003,20276.154,61622.0,20226.065825728,3.8
0.116202517589025,20798.73,2.44258329692817,2.3337233555462205,20276.154,61622.0,20226.065825728,3.7
0.176676345572587,20917.867,2.44258329692817,2.60626268747923,20304.874,61619.0,20331.49540934404,3.8
-0.3349348518100969,20917.867,2.44258329692817,3.7237636017007705,20304.874,61619.0,20331.49540934404,3.8
-0.319396281513109,20917.867,2.44258329692817,2.9117770150544304,20304.874,61619.0,20331.49540934404,3.9
0.1906596665246839,21111.6,1.81221007526021,2.88960472562634,20431.641,61939.0,20437.92215362585,4.0
0.422705314009692,21111.6,1.81221007526021,2.97821762626109,20431.641,61939.0,20437.92215362585,3.8
0.564135835680577,21111.6,1.81221007526021,3.2102411483228703,20431.641,61939.0,20437.92215362585,3.8
0.529500161289074,21397.938,1.81221007526021,2.82946232379089,20602.275,62385.0,20545.449540277205,3.7
0.212875858938411,21397.938,1.81221007526021,2.5585351456762795,20602.275,62385.0,20545.449540277205,3.6
0.0199147181481604,21397.938,1.81221007526021,2.96310499495169,20602.275,62385.0,20545.449540277205,3.6
0.167094162245338,21717.171,1.81221007526021,3.2008888117851098,20843.322,63022.0,20653.07745811881,3.7
-0.0050668236082818,21717.171,1.81221007526021,2.6257566309874503,20843.322,63022.0,20653.07745811881,3.6
0.0783448576930001,21717.171,1.81221007526021,2.5044028464577406,20843.322,63022.0,20653.07745811881,3.5
0.228619055223,21933.217,1.81221007526021,2.67072730886815,20985.448,63360.0,20758.053508750327,3.6
-0.0536243034669465,21933.217,1.81221007526021,3.2778581013518595,20985.448,63360.0,20758.053508750327,3.6
-0.0909769525053793,21933.217,1.81221007526021,2.52541708194376,20985.448,63360.0,20758.053508750327,3.6
0.387976993781487,21727.657,1.23358439630629,3.73900290493838,20693.238,62416.0,20861.83925495967,3.6
0.274061813149543,21727.657,1.23358439630629,2.87314075414153,20693.238,62416.0,20861.83925495967,3.5
-0.2176451031784789,21727.657,1.23358439630629,2.96611597454439,20693.238,62416.0,20861.83925495967,4.4
-0.668694186699718,19935.444,1.23358439630629,2.0514104511105,19056.617,57449.0,20965.14022286726,14.8
0.0019501616684046,19935.444,1.23358439630629,3.0423409595286204,19056.617,57449.0,20965.14022286726,13.2
0.5472046927775109,19935.444,1.23358439630629,1.6303799442617,19056.617,57449.0,20965.14022286726,11.0
0.5058243501670089,21684.551,1.23358439630629,4.12644301223046,20548.793,61915.0,21065.72918800921,10.2
0.315321052408127,21684.551,1.23358439630629,2.5642504572569904,20548.793,61915.0,21065.72918800921,8.4
0.13927469432666,21684.551,1.23358439630629,1.09289511329196,20548.793,61915.0,21065.72918800921,7.8
0.0414937759336148,22068.767,1.23358439630629,1.7918610038630802,20771.691,62554.0,21167.08999680052,6.9
-0.0610627217844138,22068.767,1.23358439630629,1.36409877769683,20771.691,62554.0,21167.08999680052,6.7
0.0941478467042597,22068.767,1.23358439630629,1.4012624303769898,20771.691,62554.0,21167.08999680052,6.7
0.425378348702726,22656.793,4.69785886363742,1.17126192381685,21058.379,63428.0,21261.600036399403,6.4
0.547438279392344,22656.793,4.69785886363742,2.79187179404496,21058.379,63428.0,21261.600036399403,6.2
0.7083273133749509,22656.793,4.69785886363742,2.45230811885555,21058.379,63428.0,21261.600036399403,6.1
0.821890915406006,23368.861,4.69785886363742,2.90626910167791,21389.005,64392.0,21355.977382899266,6.1
0.80171051547627,23368.861,4.69785886363742,3.25571552598809,21389.005,64392.0,21355.977382899266,5.8
0.929066290235704,23368.861,4.69785886363742,3.75085967160498,21389.005,64392.0,21355.977382899266,5.9
0.481052352629404,23921.991,4.69785886363742,3.03001455558991,21571.421,64877.0,21454.647379006667,5.4
0.206591136361161,23921.991,4.69785886363742,4.0529206723710605,21571.421,64877.0,21454.647379006667,5.1
0.271597085905821,23921.991,4.69785886363742,4.93068961392651,21571.421,64877.0,21454.647379006667,4.7
0.830811855200318,24777.038,4.69785886363742,6.58162335190871,21960.388,65986.0,21558.240246488447,4.5
0.491342750434762,24777.038,4.69785886363742,5.921977524520989,21960.388,65986.0,21558.240246488447,4.2
0.307251716148357,24777.038,4.69785886363742,4.864243460542441,21960.388,65986.0,21558.240246488447,3.9
0.8414573783545228,25215.491,8.00279982052121,6.73598572134309,21903.85,65779.0,21667.693840715187,4.0
0.913397925647697,25215.491,8.00279982052121,6.375188165836019,21903.85,65779.0,21667.693840715187,3.8
1.3351379548562698,25215.491,8.00279982052121,6.22131864885611,21903.85,65779.0,21667.693840715187,3.7
0.5582531025654971,25805.791,8.00279982052121,6.92388263628694,21919.222,65760.0,21780.14110580312,3.7
1.10235239995988,25805.791,8.00279982052121,7.588878771024411,21919.222,65760.0,21780.14110580312,3.6
1.37360757588199,25805.791,8.00279982052121,8.01045995451126,21919.222,65760.0,21780.14110580312,3.6
-0.0118119138337545,26272.011,8.00279982052121,5.988326180119151,22066.784,66115.0,21892.76660831518,3.5
-0.0354399276350673,26272.011,8.00279982052121,8.04803616793306,22066.784,66115.0,21892.76660831518,3.6
0.2150784513001039,26272.011,8.00279982052121,7.72921604833856,22066.784,66115.0,21892.76660831518,3.5
0.405649443411221,26734.277,8.00279982052121,6.69366641779918,22249.459,66575.0,22004.679068190035,3.6
-0.101002644188814,26734.277,8.00279982052121,5.91661658760609,22249.459,66575.0,22004.679068190035,3.6
-0.307009146454112,26734.277,8.00279982052121,6.554622614768929,22249.459,66575.0,22004.679068190035,3.5
0.799536383454017,27164.359,4.11633838374488,7.40659988402694,22403.435,66967.0,22116.38,3.5
0.5582110505732301,27164.359,4.11633838374488,7.880495894967001,22403.435,66967.0,22116.38,3.6
0.3310729956123049,27164.359,4.11633838374488,4.62475076644842,22403.435,66967.0,22116.38,3.5
0.50590386832584,27453.815,4.11633838374488,5.186168013480691,22539.418,67295.0,22227.57,3.4
0.251843501020241,27453.815,4.11633838374488,4.83841780786021,22539.418,67295.0,22227.57,3.6
0.322891423648645,27453.815,4.11633838374488,4.39642524892616,22539.418,67295.0,22227.57,3.6
0.1907515019222699,27967.697,4.11633838374488,2.49077584715136,22780.933,67916.0,22338.77,3.5
0.436715506835353,27967.697,4.11633838374488,4.35897232415277,22780.933,67916.0,22338.77,3.7
0.2485131552376499,27967.697,4.11633838374488,5.21792092786129,22780.933,67916.0,22338.77,3.8
-0.0383379522984981,28296.967,4.11633838374488,3.49795816925966,22960.6,68351.0,22452.06,3.9
-0.201513954841356,28296.967,4.11633838374488,5.1226149536403,22960.6,68351.0,22452.06,3.7
-0.0993320327893392,28296.967,4.11633838374488,4.160125150684911,22960.6,68351.0,22452.06,3.8
0.544750379793042,28624.069,4.11633838374488,6.54247711333595,23053.545,68549.0,22566.61,3.7
0.618967177555072,28624.069,4.11633838374488,4.55815950379621,23053.545,68549.0,22566.61,3.9
0.646416993742063,28624.069,4.11633838374488,4.32734565378701,23053.545,68549.0,22566.61,3.9
0.646416993742063,29016.714,4.11633838374488,4.25132259006098,23223.906,68977.0,22682.66,3.9
0.646416993742063,29016.714,4.11633838374488,3.0164690149307103,23223.906,68977.0,22682.66,4.0
0.646416993742063,29016.714,4.11633838374488,2.3646651819445097,23223.906,68977.0,22682.66,4.1
0.646416993742063,29374.914,4.11633838374488,3.80499824370928,23400.294,69399.0,22800.63,4.2
0.646416993742063,29374.914,4.11633838374488,3.18039686786902,23400.294,69399.0,22800.63,4.2
0.646416993742063,29374.914,4.11633838374488,4.146461276568751,23400.294,69399.0,22800.63,4.1
0.646416993742063,29374.914,4.11633838374488,3.60736895679825,23400.294,69399.0,22920.27,4.1
0.646416993742063,29374.914,4.11633838374488,2.77536119547261,23400.294,69399.0,22920.27,4.2
0.646416993742063,29374.914,4.11633838374488,3.6381199379699902,23400.294,69399.0,22920.27,4.1
