realtime_start,realtime_end,date,value
2025-01-25,2025-01-25,1955-02-01,0.0
2025-01-25,2025-01-25,1955-03-01,0.0
2025-01-25,2025-01-25,1955-04-01,0.0
2025-01-25,2025-01-25,1955-05-01,0.0
2025-01-25,2025-01-25,1955-06-01,0.0
2025-01-25,2025-01-25,1955-07-01,0.3745318352059939
2025-01-25,2025-01-25,1955-08-01,0.0
2025-01-25,2025-01-25,1955-09-01,0.37313432835821003
2025-01-25,2025-01-25,1955-10-01,0.0
2025-01-25,2025-01-25,1955-11-01,0.0
2025-01-25,2025-01-25,1955-12-01,-0.3717472118959121
2025-01-25,2025-01-25,1956-01-01,0.0
2025-01-25,2025-01-25,1956-02-01,0.0
2025-01-25,2025-01-25,1956-03-01,0.0
2025-01-25,2025-01-25,1956-04-01,0.37313432835821003
2025-01-25,2025-01-25,1956-05-01,0.3717472118959121
2025-01-25,2025-01-25,1956-06-01,0.740740740740744
2025-01-25,2025-01-25,1956-07-01,0.73529411764705
2025-01-25,2025-01-25,1956-08-01,-0.36496350364963703
2025-01-25,2025-01-25,1956-09-01,0.366300366300368
2025-01-25,2025-01-25,1956-10-01,0.36496350364963703
2025-01-25,2025-01-25,1956-11-01,0.0
2025-01-25,2025-01-25,1956-12-01,0.36363636363636503
2025-01-25,2025-01-25,1957-01-01,0.0
2025-01-25,2025-01-25,1957-02-01,0.36231884057971203
2025-01-25,2025-01-25,1957-03-01,0.36101083032491105
2025-01-25,2025-01-25,1957-04-01,0.359712230215829
2025-01-25,2025-01-25,1957-05-01,0.358422939068102
2025-01-25,2025-01-25,1957-06-01,0.35714285714285904
2025-01-25,2025-01-25,1957-07-01,0.711743772241972
2025-01-25,2025-01-25,1957-08-01,0.0
2025-01-25,2025-01-25,1957-09-01,0.0
2025-01-25,2025-01-25,1957-10-01,0.0
2025-01-25,2025-01-25,1957-11-01,0.353356890459365
2025-01-25,2025-01-25,1957-12-01,0.0
2025-01-25,2025-01-25,1958-01-01,0.704225352112668
2025-01-25,2025-01-25,1958-02-01,0.0
2025-01-25,2025-01-25,1958-03-01,0.699300699300702
2025-01-25,2025-01-25,1958-04-01,0.34722222222222404
2025-01-25,2025-01-25,1958-05-01,0.0
2025-01-25,2025-01-25,1958-06-01,0.0
2025-01-25,2025-01-25,1958-07-01,0.34602076124567605
2025-01-25,2025-01-25,1958-08-01,-0.344827586206898
2025-01-25,2025-01-25,1958-09-01,0.0
2025-01-25,2025-01-25,1958-10-01,0.0
2025-01-25,2025-01-25,1958-11-01,0.34602076124567605
2025-01-25,2025-01-25,1958-12-01,-0.344827586206898
2025-01-25,2025-01-25,1959-01-01,0.34602076124567605
2025-01-25,2025-01-25,1959-02-01,-0.344827586206898
2025-01-25,2025-01-25,1959-03-01,0.0
2025-01-25,2025-01-25,1959-04-01,0.34602076124567605
2025-01-25,2025-01-25,1959-05-01,0.0
2025-01-25,2025-01-25,1959-06-01,0.344827586206898
2025-01-25,2025-01-25,1959-07-01,0.34364261168384996
2025-01-25,2025-01-25,1959-08-01,0.0
2025-01-25,2025-01-25,1959-09-01,0.342465753424659
2025-01-25,2025-01-25,1959-10-01,0.341296928327646
2025-01-25,2025-01-25,1959-11-01,0.0
2025-01-25,2025-01-25,1959-12-01,0.0
2025-01-25,2025-01-25,1960-01-01,-0.34013605442177003
2025-01-25,2025-01-25,1960-02-01,0.341296928327646
2025-01-25,2025-01-25,1960-03-01,0
2025-01-25,2025-01-25,1960-04-01,0.34013605442177003
2025-01-25,2025-01-25,1960-05-01,0
2025-01-25,2025-01-25,1960-06-01,0.33898305084744795
2025-01-25,2025-01-25,1960-07-01,0
2025-01-25,2025-01-25,1960-08-01,0
2025-01-25,2025-01-25,1960-09-01,0
2025-01-25,2025-01-25,1960-10-01,0.675675675675678
2025-01-25,2025-01-25,1960-11-01,0
2025-01-25,2025-01-25,1960-12-01,0
2025-01-25,2025-01-25,1961-01-01,0
2025-01-25,2025-01-25,1961-02-01,0
2025-01-25,2025-01-25,1961-03-01,0
2025-01-25,2025-01-25,1961-04-01,0
2025-01-25,2025-01-25,1961-05-01,0
2025-01-25,2025-01-25,1961-06-01,0
2025-01-25,2025-01-25,1961-07-01,0.671140939597318
2025-01-25,2025-01-25,1961-08-01,-0.33333333333333504
2025-01-25,2025-01-25,1961-09-01,0.334448160535118
2025-01-25,2025-01-25,1961-10-01,0
2025-01-25,2025-01-25,1961-11-01,0
2025-01-25,2025-01-25,1961-12-01,0
2025-01-25,2025-01-25,1962-01-01,0
2025-01-25,2025-01-25,1962-02-01,0.33333333333333504
2025-01-25,2025-01-25,1962-03-01,0
2025-01-25,2025-01-25,1962-04-01,0.33222591362126397
2025-01-25,2025-01-25,1962-05-01,0
2025-01-25,2025-01-25,1962-06-01,0
2025-01-25,2025-01-25,1962-07-01,0.33112582781457106
2025-01-25,2025-01-25,1962-08-01,0
2025-01-25,2025-01-25,1962-09-01,0.33003300330033103
2025-01-25,2025-01-25,1962-10-01,0
2025-01-25,2025-01-25,1962-11-01,0
2025-01-25,2025-01-25,1962-12-01,0
2025-01-25,2025-01-25,1963-01-01,0
2025-01-25,2025-01-25,1963-02-01,0
2025-01-25,2025-01-25,1963-03-01,0.328947368421054
2025-01-25,2025-01-25,1963-04-01,0
2025-01-25,2025-01-25,1963-05-01,0
2025-01-25,2025-01-25,1963-06-01,0.32786885245901803
2025-01-25,2025-01-25,1963-07-01,0.326797385620916
2025-01-25,2025-01-25,1963-08-01,0
2025-01-25,2025-01-25,1963-09-01,0
2025-01-25,2025-01-25,1963-10-01,0.32573289902280295
2025-01-25,2025-01-25,1963-11-01,0
2025-01-25,2025-01-25,1963-12-01,0.32467532467532595
2025-01-25,2025-01-25,1964-01-01,0
2025-01-25,2025-01-25,1964-02-01,0
2025-01-25,2025-01-25,1964-03-01,0
2025-01-25,2025-01-25,1964-04-01,0
2025-01-25,2025-01-25,1964-05-01,0
2025-01-25,2025-01-25,1964-06-01,0.32362459546925704
2025-01-25,2025-01-25,1964-07-01,0.322580645161292
2025-01-25,2025-01-25,1964-08-01,-0.32154340836013
2025-01-25,2025-01-25,1964-09-01,0.322580645161292
2025-01-25,2025-01-25,1964-10-01,0
2025-01-25,2025-01-25,1964-11-01,0.321543408360109
2025-01-25,2025-01-25,1964-12-01,0
2025-01-25,2025-01-25,1965-01-01,0
2025-01-25,2025-01-25,1965-02-01,0
2025-01-25,2025-01-25,1965-03-01,0.320512820512822
2025-01-25,2025-01-25,1965-04-01,0.319488817891375
2025-01-25,2025-01-25,1965-05-01,0
2025-01-25,2025-01-25,1965-06-01,0.6369426751592379
2025-01-25,2025-01-25,1965-07-01,0
2025-01-25,2025-01-25,1965-08-01,0
2025-01-25,2025-01-25,1965-09-01,0
2025-01-25,2025-01-25,1965-10-01,0.316455696202533
2025-01-25,2025-01-25,1965-11-01,0
2025-01-25,2025-01-25,1965-12-01,0.315457413249213
2025-01-25,2025-01-25,1966-01-01,0
2025-01-25,2025-01-25,1966-02-01,0.628930817610066
2025-01-25,2025-01-25,1966-03-01,0.31250000000000105
2025-01-25,2025-01-25,1966-04-01,0.62305295950156
2025-01-25,2025-01-25,1966-05-01,0
2025-01-25,2025-01-25,1966-06-01,0.30959752321981604
2025-01-25,2025-01-25,1966-07-01,0.308641975308643
2025-01-25,2025-01-25,1966-08-01,0.6153846153846179
2025-01-25,2025-01-25,1966-09-01,0
2025-01-25,2025-01-25,1966-10-01,0.611620795107036
2025-01-25,2025-01-25,1966-11-01,0
2025-01-25,2025-01-25,1966-12-01,0
2025-01-25,2025-01-25,1967-01-01,0
2025-01-25,2025-01-25,1967-02-01,0
2025-01-25,2025-01-25,1967-03-01,0.303951367781156
2025-01-25,2025-01-25,1967-04-01,0.3030303030303039
2025-01-25,2025-01-25,1967-05-01,0.30211480362535903
2025-01-25,2025-01-25,1967-06-01,0.30120481927711
2025-01-25,2025-01-25,1967-07-01,0.30030030030030197
2025-01-25,2025-01-25,1967-08-01,0.299401197604792
2025-01-25,2025-01-25,1967-09-01,0.29850746268656797
2025-01-25,2025-01-25,1967-10-01,0.297619047619049
2025-01-25,2025-01-25,1967-11-01,0.29673590504451197
2025-01-25,2025-01-25,1967-12-01,0.295857988165682
2025-01-25,2025-01-25,1968-01-01,0.5899705014749289
2025-01-25,2025-01-25,1968-02-01,0.29325513196481107
2025-01-25,2025-01-25,1968-03-01,0.29239766081871504
2025-01-25,2025-01-25,1968-04-01,0.291545189504355
2025-01-25,2025-01-25,1968-05-01,0.290697674418606
2025-01-25,2025-01-25,1968-06-01,0.5797101449275389
2025-01-25,2025-01-25,1968-07-01,0.576368876080694
2025-01-25,2025-01-25,1968-08-01,0.2865329512894
2025-01-25,2025-01-25,1968-09-01,0.285714285714287
2025-01-25,2025-01-25,1968-10-01,0.569800569800572
2025-01-25,2025-01-25,1968-11-01,0.28328611898017103
2025-01-25,2025-01-25,1968-12-01,0.28248587570621597
2025-01-25,2025-01-25,1969-01-01,0.28169014084505295
2025-01-25,2025-01-25,1969-02-01,0.561797752808991
2025-01-25,2025-01-25,1969-03-01,0.837988826815646
2025-01-25,2025-01-25,1969-04-01,0.5540166204986171
2025-01-25,2025-01-25,1969-05-01,0.275482093663913
2025-01-25,2025-01-25,1969-06-01,0.549450549450552
2025-01-25,2025-01-25,1969-07-01,0.546448087431696
2025-01-25,2025-01-25,1969-08-01,0.5434782608695671
2025-01-25,2025-01-25,1969-09-01,0.27027027027027106
2025-01-25,2025-01-25,1969-10-01,0.539083557951485
2025-01-25,2025-01-25,1969-11-01,0.536193029490619
2025-01-25,2025-01-25,1969-12-01,0.533333333333318
2025-01-25,2025-01-25,1970-01-01,0.265251989389922
2025-01-25,2025-01-25,1970-02-01,0.5291005291005311
2025-01-25,2025-01-25,1970-03-01,0.5263157894736861
2025-01-25,2025-01-25,1970-04-01,0.785340314136129
2025-01-25,2025-01-25,1970-05-01,0.25974025974026105
2025-01-25,2025-01-25,1970-06-01,0.518134715025909
2025-01-25,2025-01-25,1970-07-01,0.515463917525775
2025-01-25,2025-01-25,1970-08-01,0
2025-01-25,2025-01-25,1970-09-01,0.512820512820515
2025-01-25,2025-01-25,1970-10-01,0.5102040816326551
2025-01-25,2025-01-25,1970-11-01,0.5076142131979551
2025-01-25,2025-01-25,1970-12-01,0.5050505050505071
2025-01-25,2025-01-25,1971-01-01,0
2025-01-25,2025-01-25,1971-02-01,0.251256281407036
2025-01-25,2025-01-25,1971-03-01,0.25062656641604103
2025-01-25,2025-01-25,1971-04-01,0.250000000000001
2025-01-25,2025-01-25,1971-05-01,0.498753117206985
2025-01-25,2025-01-25,1971-06-01,0.7444168734491341
2025-01-25,2025-01-25,1971-07-01,0.24630541871919698
2025-01-25,2025-01-25,1971-08-01,0.24570024570024698
2025-01-25,2025-01-25,1971-09-01,0
2025-01-25,2025-01-25,1971-10-01,0.24509803921568699
2025-01-25,2025-01-25,1971-11-01,0
2025-01-25,2025-01-25,1971-12-01,0.4889975550122271
2025-01-25,2025-01-25,1972-01-01,0
2025-01-25,2025-01-25,1972-02-01,0.486618004866182
2025-01-25,2025-01-25,1972-03-01,0.24213075060532802
2025-01-25,2025-01-25,1972-04-01,0.241545893719808
2025-01-25,2025-01-25,1972-05-01,0.24096385542168802
2025-01-25,2025-01-25,1972-06-01,0.24038461538461603
2025-01-25,2025-01-25,1972-07-01,0.479616306954438
2025-01-25,2025-01-25,1972-08-01,0.238663484486859
2025-01-25,2025-01-25,1972-09-01,0.238095238095239
2025-01-25,2025-01-25,1972-10-01,0.475059382422805
2025-01-25,2025-01-25,1972-11-01,0.23640661938534396
2025-01-25,2025-01-25,1972-12-01,0.23584905660377498
2025-01-25,2025-01-25,1973-01-01,0.23529411764706
2025-01-25,2025-01-25,1973-02-01,0.704225352112679
2025-01-25,2025-01-25,1973-03-01,0.9324009324009359
2025-01-25,2025-01-25,1973-04-01,0.6928406466512729
2025-01-25,2025-01-25,1973-05-01,0.6880733944954159
2025-01-25,2025-01-25,1973-06-01,0.6833712984054549
2025-01-25,2025-01-25,1973-07-01,0.22624434389140397
2025-01-25,2025-01-25,1973-08-01,1.80586907449211
2025-01-25,2025-01-25,1973-09-01,0.22172949002217396
2025-01-25,2025-01-25,1973-10-01,0.884955752212393
2025-01-25,2025-01-25,1973-11-01,0.657894736842108
2025-01-25,2025-01-25,1973-12-01,0.653594771241818
2025-01-25,2025-01-25,1974-01-01,0.865800865800869
2025-01-25,2025-01-25,1974-02-01,1.2875536480686598
2025-01-25,2025-01-25,1974-03-01,1.2711864406779698
2025-01-25,2025-01-25,1974-04-01,0.41841004184100605
2025-01-25,2025-01-25,1974-05-01,1.24999999999999
2025-01-25,2025-01-25,1974-06-01,0.823045267489716
2025-01-25,2025-01-25,1974-07-01,0.8163265306122479
2025-01-25,2025-01-25,1974-08-01,1.21457489878543
2025-01-25,2025-01-25,1974-09-01,1.19999999999999
2025-01-25,2025-01-25,1974-10-01,0.9881422924901229
2025-01-25,2025-01-25,1974-11-01,0.7827788649706491
2025-01-25,2025-01-25,1974-12-01,0.776699029126217
2025-01-25,2025-01-25,1975-01-01,0.38535645472061797
2025-01-25,2025-01-25,1975-02-01,0.7677543186180329
2025-01-25,2025-01-25,1975-03-01,0.380952380952383
2025-01-25,2025-01-25,1975-04-01,0.379506641366226
2025-01-25,2025-01-25,1975-05-01,0.567107750472592
2025-01-25,2025-01-25,1975-06-01,0.751879699248124
2025-01-25,2025-01-25,1975-07-01,1.1194029850746299
2025-01-25,2025-01-25,1975-08-01,0.18450184501845102
2025-01-25,2025-01-25,1975-09-01,0.5524861878452939
2025-01-25,2025-01-25,1975-10-01,0.549450549450552
2025-01-25,2025-01-25,1975-11-01,0.7285974499089279
2025-01-25,2025-01-25,1975-12-01,0.36166365280289503
2025-01-25,2025-01-25,1976-01-01,0.18018018018018103
2025-01-25,2025-01-25,1976-02-01,0.359712230215829
2025-01-25,2025-01-25,1976-03-01,0.179211469534051
2025-01-25,2025-01-25,1976-04-01,0.357781753130592
2025-01-25,2025-01-25,1976-05-01,0.7130124777183391
2025-01-25,2025-01-25,1976-06-01,0.530973451327436
2025-01-25,2025-01-25,1976-07-01,0.5281690140845089
2025-01-25,2025-01-25,1976-08-01,0.525394045534141
2025-01-25,2025-01-25,1976-09-01,0.34843205574913
2025-01-25,2025-01-25,1976-10-01,0.5208333333333359
2025-01-25,2025-01-25,1976-11-01,0.17271157167530302
2025-01-25,2025-01-25,1976-12-01,0.344827586206898
2025-01-25,2025-01-25,1977-01-01,0.515463917525775
2025-01-25,2025-01-25,1977-02-01,1.02564102564103
2025-01-25,2025-01-25,1977-03-01,0.676818950930618
2025-01-25,2025-01-25,1977-04-01,0.840336134453785
2025-01-25,2025-01-25,1977-05-01,0.500000000000002
2025-01-25,2025-01-25,1977-06-01,0.6633499170812629
2025-01-25,2025-01-25,1977-07-01,0.4942339373970371
2025-01-25,2025-01-25,1977-08-01,0.32786885245901803
2025-01-25,2025-01-25,1977-09-01,0.326797385620916
2025-01-25,2025-01-25,1977-10-01,0.32573289902280295
2025-01-25,2025-01-25,1977-11-01,0.487012987012989
2025-01-25,2025-01-25,1977-12-01,0.32310177705977505
2025-01-25,2025-01-25,1978-01-01,0.6441223832528
2025-01-25,2025-01-25,1978-02-01,0.6400000000000029
2025-01-25,2025-01-25,1978-03-01,0.7949125596184449
2025-01-25,2025-01-25,1978-04-01,0.788643533123032
2025-01-25,2025-01-25,1978-05-01,0.938967136150239
2025-01-25,2025-01-25,1978-06-01,1.08527131782946
2025-01-25,2025-01-25,1978-07-01,0.7668711656441751
2025-01-25,2025-01-25,1978-08-01,0.4566210045662121
2025-01-25,2025-01-25,1978-09-01,0.7575757575757409
2025-01-25,2025-01-25,1978-10-01,0.902255639097748
2025-01-25,2025-01-25,1978-11-01,0.44709388971684205
2025-01-25,2025-01-25,1978-12-01,0.445103857566767
2025-01-25,2025-01-25,1979-01-01,0.8862629246676551
2025-01-25,2025-01-25,1979-02-01,1.1713030746705602
2025-01-25,2025-01-25,1979-03-01,1.01302460202605
2025-01-25,2025-01-25,1979-04-01,1.1461318051576
2025-01-25,2025-01-25,1979-05-01,1.27478753541075
2025-01-25,2025-01-25,1979-06-01,1.11888111888112
2025-01-25,2025-01-25,1979-07-01,1.1065006915629398
2025-01-25,2025-01-25,1979-08-01,0.95759233926129
2025-01-25,2025-01-25,1979-09-01,1.0840108401084099
2025-01-25,2025-01-25,1979-10-01,0.8042895442359109
2025-01-25,2025-01-25,1979-11-01,0.930851063829791
2025-01-25,2025-01-25,1979-12-01,1.0540184453228
2025-01-25,2025-01-25,1980-01-01,1.43415906127771
2025-01-25,2025-01-25,1980-02-01,1.41388174807199
2025-01-25,2025-01-25,1980-03-01,1.5209125475285101
2025-01-25,2025-01-25,1980-04-01,1.1235955056179798
2025-01-25,2025-01-25,1980-05-01,0.9876543209876422
2025-01-25,2025-01-25,1980-06-01,1.1002444987775102
2025-01-25,2025-01-25,1980-07-01,0
2025-01-25,2025-01-25,1980-08-01,0.725513905683195
2025-01-25,2025-01-25,1980-09-01,0.840336134453769
2025-01-25,2025-01-25,1980-10-01,0.952380952380956
2025-01-25,2025-01-25,1980-11-01,0.825471698113211
2025-01-25,2025-01-25,1980-12-01,0.935672514619887
2025-01-25,2025-01-25,1981-01-01,0.8111239860950211
2025-01-25,2025-01-25,1981-02-01,1.03448275862069
2025-01-25,2025-01-25,1981-03-01,0.6825938566552779
2025-01-25,2025-01-25,1981-04-01,0.677966101694918
2025-01-25,2025-01-25,1981-05-01,0.7856341189674559
2025-01-25,2025-01-25,1981-06-01,0.8908685968819641
2025-01-25,2025-01-25,1981-07-01,1.1037527593818999
2025-01-25,2025-01-25,1981-08-01,0.76419213973798
2025-01-25,2025-01-25,1981-09-01,0.9750812567714019
2025-01-25,2025-01-25,1981-10-01,0.214592274678112
2025-01-25,2025-01-25,1981-11-01,0.32119914346895195
2025-01-25,2025-01-25,1981-12-01,0.320170757737447
2025-01-25,2025-01-25,1982-01-01,0.319148936170214
2025-01-25,2025-01-25,1982-02-01,0.318133616118771
2025-01-25,2025-01-25,1982-03-01,-0.10570824524312901
2025-01-25,2025-01-25,1982-04-01,0.423280423280425
2025-01-25,2025-01-25,1982-05-01,0.948366701791363
2025-01-25,2025-01-25,1982-06-01,1.25260960334028
2025-01-25,2025-01-25,1982-07-01,0.515463917525775
2025-01-25,2025-01-25,1982-08-01,0.205128205128206
2025-01-25,2025-01-25,1982-09-01,0.20470829068577398
2025-01-25,2025-01-25,1982-10-01,0.306435137895813
2025-01-25,2025-01-25,1982-11-01,-0.203665987780042
2025-01-25,2025-01-25,1982-12-01,-0.40816326530612396
2025-01-25,2025-01-25,1983-01-01,0.20491803278688603
2025-01-25,2025-01-25,1983-02-01,0.10224948875255699
2025-01-25,2025-01-25,1983-03-01,0
2025-01-25,2025-01-25,1983-04-01,0.715015321756898
2025-01-25,2025-01-25,1983-05-01,0.608519269776879
2025-01-25,2025-01-25,1983-06-01,0.30241935483871096
2025-01-25,2025-01-25,1983-07-01,0.402010050251258
2025-01-25,2025-01-25,1983-08-01,0.30030030030030197
2025-01-25,2025-01-25,1983-09-01,0.49900199600797296
2025-01-25,2025-01-25,1983-10-01,0.297914597815294
2025-01-25,2025-01-25,1983-11-01,0.19801980198019895
2025-01-25,2025-01-25,1983-12-01,0.0988142292490123
2025-01-25,2025-01-25,1984-01-01,0.592300098716673
2025-01-25,2025-01-25,1984-02-01,0.49067713444555
2025-01-25,2025-01-25,1984-03-01,0.195312500000001
2025-01-25,2025-01-25,1984-04-01,0.487329434697845
2025-01-25,2025-01-25,1984-05-01,0.29097963142581396
2025-01-25,2025-01-25,1984-06-01,0.290135396518364
2025-01-25,2025-01-25,1984-07-01,0.38572806171649204
2025-01-25,2025-01-25,1984-08-01,0.384245917387129
2025-01-25,2025-01-25,1984-09-01,0.47846889952153293
2025-01-25,2025-01-25,1984-10-01,0.285714285714287
2025-01-25,2025-01-25,1984-11-01,0
2025-01-25,2025-01-25,1984-12-01,0
2025-01-25,2025-01-25,1985-01-01,0.189933523266857
2025-01-25,2025-01-25,1985-02-01,0.47393364928910203
2025-01-25,2025-01-25,1985-03-01,0.377358490566039
2025-01-25,2025-01-25,1985-04-01,0.469924812030065
2025-01-25,2025-01-25,1985-05-01,0.37418147801684
2025-01-25,2025-01-25,1985-06-01,0.279589934762362
2025-01-25,2025-01-25,1985-07-01,0.18587360594795604
2025-01-25,2025-01-25,1985-08-01,0.18552875695732898
2025-01-25,2025-01-25,1985-09-01,0.27777777777776697
2025-01-25,2025-01-25,1985-10-01,0.36934441366574494
2025-01-25,2025-01-25,1985-11-01,0.275988960441584
2025-01-25,2025-01-25,1985-12-01,0.27522935779816604
2025-01-25,2025-01-25,1986-01-01,0.274473924977128
2025-01-25,2025-01-25,1986-02-01,-0.273722627737227
2025-01-25,2025-01-25,1986-03-01,-0.45745654162853494
2025-01-25,2025-01-25,1986-04-01,-0.183823529411765
2025-01-25,2025-01-25,1986-05-01,0.27624309392264096
2025-01-25,2025-01-25,1986-06-01,0.550964187327826
2025-01-25,2025-01-25,1986-07-01,0
2025-01-25,2025-01-25,1986-08-01,0.18264840182647302
2025-01-25,2025-01-25,1986-09-01,0.4557885141294579
2025-01-25,2025-01-25,1986-10-01,0.0907441016333822
2025-01-25,2025-01-25,1986-11-01,0.090661831369006
2025-01-25,2025-01-25,1986-12-01,0.090579710144916
2025-01-25,2025-01-25,1987-01-01,0.633484162895942
2025-01-25,2025-01-25,1987-02-01,0.359712230215829
2025-01-25,2025-01-25,1987-03-01,0.44802867383511497
2025-01-25,2025-01-25,1987-04-01,0.535236396074935
2025-01-25,2025-01-25,1987-05-01,0.35492457852706394
2025-01-25,2025-01-25,1987-06-01,0.353669319186562
2025-01-25,2025-01-25,1987-07-01,0.26431718061673
2025-01-25,2025-01-25,1987-08-01,0.5272407732864579
2025-01-25,2025-01-25,1987-09-01,0.524475524475527
2025-01-25,2025-01-25,1987-10-01,0.260869565217404
2025-01-25,2025-01-25,1987-11-01,0.0867302688638224
2025-01-25,2025-01-25,1987-12-01,0
2025-01-25,2025-01-25,1988-01-01,0.259965337954952
2025-01-25,2025-01-25,1988-02-01,0.259291270527215
2025-01-25,2025-01-25,1988-03-01,0.43103448275863393
2025-01-25,2025-01-25,1988-04-01,0.5150214592274699
2025-01-25,2025-01-25,1988-05-01,0.34158838599487795
2025-01-25,2025-01-25,1988-06-01,0.4255319148936079
2025-01-25,2025-01-25,1988-07-01,0.423728813559324
2025-01-25,2025-01-25,1988-08-01,0.42194092827003293
2025-01-25,2025-01-25,1988-09-01,0.6722689075630279
2025-01-25,2025-01-25,1988-10-01,0.333889816360602
2025-01-25,2025-01-25,1988-11-01,0.0831946755407767
2025-01-25,2025-01-25,1988-12-01,0.166251039068995
2025-01-25,2025-01-25,1989-01-01,0.49792531120332206
2025-01-25,2025-01-25,1989-02-01,0.41288191577208005
2025-01-25,2025-01-25,1989-03-01,0.5756578947368549
2025-01-25,2025-01-25,1989-04-01,0.6541291905151291
2025-01-25,2025-01-25,1989-05-01,0.56864337936636
2025-01-25,2025-01-25,1989-06-01,0.242326332794821
2025-01-25,2025-01-25,1989-07-01,0.241740531829182
2025-01-25,2025-01-25,1989-08-01,0.16077170418004402
2025-01-25,2025-01-25,1989-09-01,0.321027287319424
2025-01-25,2025-01-25,1989-10-01,0.48000000000000204
2025-01-25,2025-01-25,1989-11-01,0.23885350318470397
2025-01-25,2025-01-25,1989-12-01,0.158856235107229
2025-01-25,2025-01-25,1990-01-01,1.03092783505156
2025-01-25,2025-01-25,1990-02-01,0.470957613814759
2025-01-25,2025-01-25,1990-03-01,0.546874999999992
2025-01-25,2025-01-25,1990-04-01,0.155400155400176
2025-01-25,2025-01-25,1990-05-01,0.23273855702091698
2025-01-25,2025-01-25,1990-06-01,0.5417956656347079
2025-01-25,2025-01-25,1990-07-01,0.384911470361808
2025-01-25,2025-01-25,1990-08-01,0.92024539877301
2025-01-25,2025-01-25,1990-09-01,0.83586626139817
2025-01-25,2025-01-25,1990-10-01,0.602863602110005
2025-01-25,2025-01-25,1990-11-01,0.224719101123606
2025-01-25,2025-01-25,1990-12-01,0
2025-01-25,2025-01-25,1991-01-01,0.5979073243647061
2025-01-25,2025-01-25,1991-02-01,0.14858841010403198
2025-01-25,2025-01-25,1991-03-01,0.14836795252225599
2025-01-25,2025-01-25,1991-04-01,0.14814814814812902
2025-01-25,2025-01-25,1991-05-01,0.295857988165682
2025-01-25,2025-01-25,1991-06-01,0.29498525073748405
2025-01-25,2025-01-25,1991-07-01,0.147058823529393
2025-01-25,2025-01-25,1991-08-01,0.293685756240824
2025-01-25,2025-01-25,1991-09-01,0.43923865300146603
2025-01-25,2025-01-25,1991-10-01,0.145772594752206
2025-01-25,2025-01-25,1991-11-01,0.29112081513828403
2025-01-25,2025-01-25,1991-12-01,0.0725689404934595
2025-01-25,2025-01-25,1992-01-01,0.145032632342278
2025-01-25,2025-01-25,1992-02-01,0.362056480810998
2025-01-25,2025-01-25,1992-03-01,0.5050505050505361
2025-01-25,2025-01-25,1992-04-01,0.143575017946859
2025-01-25,2025-01-25,1992-05-01,0.143369175627241
2025-01-25,2025-01-25,1992-06-01,0.3579098067286961
2025-01-25,2025-01-25,1992-07-01,0.21398002853068102
2025-01-25,2025-01-25,1992-08-01,0.28469750889679807
2025-01-25,2025-01-25,1992-09-01,0.283889283179561
2025-01-25,2025-01-25,1992-10-01,0.353857041755123
2025-01-25,2025-01-25,1992-11-01,0.141043723554302
2025-01-25,2025-01-25,1992-12-01,-0.0704225352112772
2025-01-25,2025-01-25,1993-01-01,0.49330514446792795
2025-01-25,2025-01-25,1993-02-01,0.350631136044892
2025-01-25,2025-01-25,1993-03-01,0.34940600978336
2025-01-25,2025-01-25,1993-04-01,0.278551532033427
2025-01-25,2025-01-25,1993-05-01,0.138888888888889
2025-01-25,2025-01-25,1993-06-01,0.13869625520112802
2025-01-25,2025-01-25,1993-07-01,0
2025-01-25,2025-01-25,1993-08-01,0.27700831024930894
2025-01-25,2025-01-25,1993-09-01,0.20718232044198104
2025-01-25,2025-01-25,1993-10-01,0.41350792556855703
2025-01-25,2025-01-25,1993-11-01,0.0686341798215785
2025-01-25,2025-01-25,1993-12-01,0
2025-01-25,2025-01-25,1994-01-01,0.274348422496554
2025-01-25,2025-01-25,1994-02-01,0.34199726402188
2025-01-25,2025-01-25,1994-03-01,0.340831629175198
2025-01-25,2025-01-25,1994-04-01,0.135869565217392
2025-01-25,2025-01-25,1994-05-01,0.0678426051560472
2025-01-25,2025-01-25,1994-06-01,0.33898305084745006
2025-01-25,2025-01-25,1994-07-01,0.27027027027027106
2025-01-25,2025-01-25,1994-08-01,0.40431266846361397
2025-01-25,2025-01-25,1994-09-01,0.268456375838927
2025-01-25,2025-01-25,1994-10-01,0.06693440428381099
2025-01-25,2025-01-25,1994-11-01,0.13377926421403
2025-01-25,2025-01-25,1994-12-01,0
2025-01-25,2025-01-25,1995-01-01,0.400801603206414
2025-01-25,2025-01-25,1995-02-01,0.39920159680638895
2025-01-25,2025-01-25,1995-03-01,0.331345261762749
2025-01-25,2025-01-25,1995-04-01,0.33025099075298203
2025-01-25,2025-01-25,1995-05-01,0.197498354180374
2025-01-25,2025-01-25,1995-06-01,0.197109067017092
2025-01-25,2025-01-25,1995-07-01,0
2025-01-25,2025-01-25,1995-08-01,0.26229508196721396
2025-01-25,2025-01-25,1995-09-01,0.19620667102680703
2025-01-25,2025-01-25,1995-10-01,0.326370757180149
2025-01-25,2025-01-25,1995-11-01,-0.0650618087182741
2025-01-25,2025-01-25,1995-12-01,-0.0651041666666584
2025-01-25,2025-01-25,1996-01-01,0.586319218241036
2025-01-25,2025-01-25,1996-02-01,0.32383419689120196
2025-01-25,2025-01-25,1996-03-01,0.516462233699146
2025-01-25,2025-01-25,1996-04-01,0.38535645472063507
2025-01-25,2025-01-25,1996-05-01,0.191938579654503
2025-01-25,2025-01-25,1996-06-01,0.0638569604086764
2025-01-25,2025-01-25,1996-07-01,0.191448627951509
2025-01-25,2025-01-25,1996-08-01,0.19108280254778
2025-01-25,2025-01-25,1996-09-01,0.317863954227583
2025-01-25,2025-01-25,1996-10-01,0.31685678073510104
2025-01-25,2025-01-25,1996-11-01,0.18951358180668898
2025-01-25,2025-01-25,1996-12-01,0
2025-01-25,2025-01-25,1997-01-01,0.315258511979816
2025-01-25,2025-01-25,1997-02-01,0.31426775612823105
2025-01-25,2025-01-25,1997-03-01,0.25062656641604103
2025-01-25,2025-01-25,1997-04-01,0.124999999999984
2025-01-25,2025-01-25,1997-05-01,-0.0624219725343241
2025-01-25,2025-01-25,1997-06-01,0.124921923797643
2025-01-25,2025-01-25,1997-07-01,0.124766063630677
2025-01-25,2025-01-25,1997-08-01,0.18691588785047603
2025-01-25,2025-01-25,1997-09-01,0.248756218905457
2025-01-25,2025-01-25,1997-10-01,0.24813895781637801
2025-01-25,2025-01-25,1997-11-01,-0.061881188118804005
2025-01-25,2025-01-25,1997-12-01,-0.12383900928791
2025-01-25,2025-01-25,1998-01-01,0.185988840669536
2025-01-25,2025-01-25,1998-02-01,0.185643564356445
2025-01-25,2025-01-25,1998-03-01,0.18529956763433497
2025-01-25,2025-01-25,1998-04-01,0.184956843403215
2025-01-25,2025-01-25,1998-05-01,0.184615384615393
2025-01-25,2025-01-25,1998-06-01,0.12285012285012299
2025-01-25,2025-01-25,1998-07-01,0.12269938650305198
2025-01-25,2025-01-25,1998-08-01,0.12254901960786
2025-01-25,2025-01-25,1998-09-01,0.122399020807818
2025-01-25,2025-01-25,1998-10-01,0.24449877750613
2025-01-25,2025-01-25,1998-11-01,0
2025-01-25,2025-01-25,1998-12-01,-0.0609756097561058
2025-01-25,2025-01-25,1999-01-01,0.244051250762677
2025-01-25,2025-01-25,1999-02-01,0.12172854534386801
2025-01-25,2025-01-25,1999-03-01,0.303951367781164
2025-01-25,2025-01-25,1999-04-01,0.7272727272727141
2025-01-25,2025-01-25,1999-05-01,0
2025-01-25,2025-01-25,1999-06-01,0
2025-01-25,2025-01-25,1999-07-01,0.30084235860408504
2025-01-25,2025-01-25,1999-08-01,0.23995200959809698
2025-01-25,2025-01-25,1999-09-01,0.478755236385384
2025-01-25,2025-01-25,1999-10-01,0.178677784395466
2025-01-25,2025-01-25,1999-11-01,0.0594530321046454
2025-01-25,2025-01-25,1999-12-01,0
2025-01-25,2025-01-25,2000-01-01,0.297088532382659
2025-01-25,2025-01-25,2000-02-01,0.5924170616113771
2025-01-25,2025-01-25,2000-03-01,0.8244994110718371
2025-01-25,2025-01-25,2000-04-01,0.058411214953279014
2025-01-25,2025-01-25,2000-05-01,0.11675423234092301
2025-01-25,2025-01-25,2000-06-01,0.524781341107882
2025-01-25,2025-01-25,2000-07-01,0.23201856148492
2025-01-25,2025-01-25,2000-08-01,0
2025-01-25,2025-01-25,2000-09-01,0.5208333333333119
2025-01-25,2025-01-25,2000-10-01,0.17271157167531098
2025-01-25,2025-01-25,2000-11-01,0.0574712643678088
2025-01-25,2025-01-25,2000-12-01,-0.0574382538770748
2025-01-25,2025-01-25,2001-01-01,0.632183908045972
2025-01-25,2025-01-25,2001-02-01,0.39977155910909007
2025-01-25,2025-01-25,2001-03-01,0.22753128555174898
2025-01-25,2025-01-25,2001-04-01,0.3972758229285
2025-01-25,2025-01-25,2001-05-01,0.4522328999434579
2025-01-25,2025-01-25,2001-06-01,0.16882386043895004
2025-01-25,2025-01-25,2001-07-01,-0.2808988764044881
2025-01-25,2025-01-25,2001-08-01,0
2025-01-25,2025-01-25,2001-09-01,0.450704225352114
2025-01-25,2025-01-25,2001-10-01,-0.33651149747618
2025-01-25,2025-01-25,2001-11-01,-0.16882386043893502
2025-01-25,2025-01-25,2001-12-01,-0.39458850056370703
2025-01-25,2025-01-25,2002-01-01,0.22637238256932798
2025-01-25,2025-01-25,2002-02-01,0.395256916996071
2025-01-25,2025-01-25,2002-03-01,0.562429696287966
2025-01-25,2025-01-25,2002-04-01,0.559284116331084
2025-01-25,2025-01-25,2002-05-01,0
2025-01-25,2025-01-25,2002-06-01,0.0556173526140231
2025-01-25,2025-01-25,2002-07-01,0.111172873818774
2025-01-25,2025-01-25,2002-08-01,0.333148250971684
2025-01-25,2025-01-25,2002-09-01,0.16602102933039
2025-01-25,2025-01-25,2002-10-01,0.165745856353599
2025-01-25,2025-01-25,2002-11-01,0
2025-01-25,2025-01-25,2002-12-01,-0.220628792057364
2025-01-25,2025-01-25,2003-01-01,0.442233278054161
2025-01-25,2025-01-25,2003-02-01,0.770500825536602
2025-01-25,2025-01-25,2003-03-01,0.600764609502999
2025-01-25,2025-01-25,2003-04-01,-0.21715526601518698
2025-01-25,2025-01-25,2003-05-01,-0.16322089227421901
2025-01-25,2025-01-25,2003-06-01,0.10899182561307902
2025-01-25,2025-01-25,2003-07-01,0.10887316276537899
2025-01-25,2025-01-25,2003-08-01,0.38064165307231607
2025-01-25,2025-01-25,2003-09-01,0.32502708559046695
2025-01-25,2025-01-25,2003-10-01,-0.10799136069114501
2025-01-25,2025-01-25,2003-11-01,-0.27027027027026396
2025-01-25,2025-01-25,2003-12-01,-0.108401084010841
2025-01-25,2025-01-25,2004-01-01,0.48833423765599
2025-01-25,2025-01-25,2004-02-01,0.5399568034557121
2025-01-25,2025-01-25,2004-03-01,0.644468313641263
2025-01-25,2025-01-25,2004-04-01,0.320170757737461
2025-01-25,2025-01-25,2004-05-01,0.585106382978719
2025-01-25,2025-01-25,2004-06-01,0.31729243786356603
2025-01-25,2025-01-25,2004-07-01,-0.158144438587237
2025-01-25,2025-01-25,2004-08-01,0.0527983104540587
2025-01-25,2025-01-25,2004-09-01,0.211081794195252
2025-01-25,2025-01-25,2004-10-01,0.526592943654557
2025-01-25,2025-01-25,2004-11-01,0.0523834468308086
2025-01-25,2025-01-25,2004-12-01,-0.366492146596853
2025-01-25,2025-01-25,2005-01-01,0.21019442984759598
2025-01-25,2025-01-25,2005-02-01,0.576822233875206
2025-01-25,2025-01-25,2005-03-01,0.782064650677772
2025-01-25,2025-01-25,2005-04-01,0.672529746508014
2025-01-25,2025-01-25,2005-05-01,-0.10277492291879499
2025-01-25,2025-01-25,2005-06-01,0.0514403292181004
2025-01-25,2025-01-25,2005-07-01,0.462724935732656
2025-01-25,2025-01-25,2005-08-01,0.5117707267144339
2025-01-25,2025-01-25,2005-09-01,1.22199592668025
2025-01-25,2025-01-25,2005-10-01,0.201207243460752
2025-01-25,2025-01-25,2005-11-01,-0.8032128514056259
2025-01-25,2025-01-25,2005-12-01,-0.40485829959513003
2025-01-25,2025-01-25,2006-01-01,0.762195121951216
2025-01-25,2025-01-25,2006-02-01,0.20171457387795003
2025-01-25,2025-01-25,2006-03-01,0.55359838953198
2025-01-25,2025-01-25,2006-04-01,0.8508508508508341
2025-01-25,2025-01-25,2006-05-01,0.49627791563274304
2025-01-25,2025-01-25,2006-06-01,0.19753086419753196
2025-01-25,2025-01-25,2006-07-01,0.295712173484489
2025-01-25,2025-01-25,2006-08-01,0.196560196560197
2025-01-25,2025-01-25,2006-09-01,-0.490436488474757
2025-01-25,2025-01-25,2006-10-01,-0.542138984721521
2025-01-25,2025-01-25,2006-11-01,-0.148662041625379
2025-01-25,2025-01-25,2006-12-01,0.148883374689833
2025-01-25,2025-01-25,2007-01-01,0.305252725470763
2025-01-25,2025-01-25,2007-02-01,0.5350367559876621
2025-01-25,2025-01-25,2007-03-01,0.910569585108543
2025-01-25,2025-01-25,2007-04-01,0.6496162686508891
2025-01-25,2025-01-25,2007-05-01,0.61107186747047
2025-01-25,2025-01-25,2007-06-01,0.193797517660565
2025-01-25,2025-01-25,2007-07-01,-0.0254377207802054
2025-01-25,2025-01-25,2007-08-01,-0.18339022270871103
2025-01-25,2025-01-25,2007-09-01,0.275590740535893
2025-01-25,2025-01-25,2007-10-01,0.213919132812117
2025-01-25,2025-01-25,2007-11-01,0.5939617873415811
2025-01-25,2025-01-25,2007-12-01,-0.0670863129647814
2025-01-25,2025-01-25,2008-01-01,0.49705764726046897
2025-01-25,2025-01-25,2008-02-01,0.290411218495348
2025-01-25,2025-01-25,2008-03-01,0.866821293098967
2025-01-25,2025-01-25,2008-04-01,0.6064778389719561
2025-01-25,2025-01-25,2008-05-01,0.8420886031756311
2025-01-25,2025-01-25,2008-06-01,1.0076996934894
2025-01-25,2025-01-25,2008-07-01,0.525101112812213
2025-01-25,2025-01-25,2008-08-01,-0.39915622556417396
2025-01-25,2025-01-25,2008-09-01,-0.13830185406645498
2025-01-25,2025-01-25,2008-10-01,-1.01013332845789
2025-01-25,2025-01-25,2008-11-01,-1.9152895328595803
2025-01-25,2025-01-25,2008-12-01,-1.03424738142875
2025-01-25,2025-01-25,2009-01-01,0.435241737542101
2025-01-25,2025-01-25,2009-02-01,0.49729330359047497
2025-01-25,2025-01-25,2009-03-01,0.24317484554154
2025-01-25,2025-01-25,2009-04-01,0.24963682777879898
2025-01-25,2025-01-25,2009-05-01,0.288876383417745
2025-01-25,2025-01-25,2009-06-01,0.8589892263953359
2025-01-25,2025-01-25,2009-07-01,-0.158558692215323
2025-01-25,2025-01-25,2009-08-01,0.224285004481049
2025-01-25,2025-01-25,2009-09-01,0.0625480693495817
2025-01-25,2025-01-25,2009-10-01,0.0963101185818578
2025-01-25,2025-01-25,2009-11-01,0.0707753368767079
2025-01-25,2025-01-25,2009-12-01,-0.176119816946313
2025-01-25,2025-01-25,2010-01-01,0.34174735701485
2025-01-25,2025-01-25,2010-02-01,0.024920738207648
2025-01-25,2025-01-25,2010-03-01,0.4106283536571079
2025-01-25,2025-01-25,2010-04-01,0.173688491069743
2025-01-25,2025-01-25,2010-05-01,0.0775197354237721
2025-01-25,2025-01-25,2010-06-01,-0.0976267084673888
2025-01-25,2025-01-25,2010-07-01,0.0211043057371509
2025-01-25,2025-01-25,2010-08-01,0.138066427840807
2025-01-25,2025-01-25,2010-09-01,0.0581736230715569
2025-01-25,2025-01-25,2010-10-01,0.12451988884769599
2025-01-25,2025-01-25,2010-11-01,0.0420646423819507
2025-01-25,2025-01-25,2010-12-01,0.17184407892030898
2025-01-25,2025-01-25,2011-01-01,0.47632300539741396
2025-01-25,2025-01-25,2011-02-01,0.49313650254516206
2025-01-25,2025-01-25,2011-03-01,0.9751072030509379
2025-01-25,2025-01-25,2011-04-01,0.643942953545699
2025-01-25,2025-01-25,2011-05-01,0.47041875272336403
2025-01-25,2025-01-25,2011-06-01,-0.107096705669922
2025-01-25,2025-01-25,2011-07-01,0.0886045666793554
2025-01-25,2025-01-25,2011-08-01,0.27575889023645
2025-01-25,2025-01-25,2011-09-01,0.15184621156946101
2025-01-25,2025-01-25,2011-10-01,-0.20626826333583603
2025-01-25,2025-01-25,2011-11-01,-0.084356133044206
2025-01-25,2025-01-25,2011-12-01,-0.24665163771381698
2025-01-25,2025-01-25,2012-01-01,0.44001914282675103
2025-01-25,2025-01-25,2012-02-01,0.4402973551276311
2025-01-25,2025-01-25,2012-03-01,0.7594558623930859
2025-01-25,2025-01-25,2012-04-01,0.302102950408034
2025-01-25,2025-01-25,2012-05-01,-0.11734793663210501
2025-01-25,2025-01-25,2012-06-01,-0.14663968844504902
2025-01-25,2025-01-25,2012-07-01,-0.162978586182561
2025-01-25,2025-01-25,2012-08-01,0.556515818143709
2025-01-25,2025-01-25,2012-09-01,0.4462212267611311
2025-01-25,2025-01-25,2012-10-01,-0.0388925140553232
2025-01-25,2025-01-25,2012-11-01,-0.47380866948818795
2025-01-25,2025-01-25,2012-12-01,-0.269306449020735
2025-01-25,2025-01-25,2013-01-01,0.295730419292604
2025-01-25,2025-01-25,2013-02-01,0.819002952926876
2025-01-25,2025-01-25,2013-03-01,0.261450858437495
2025-01-25,2025-01-25,2013-04-01,-0.103963947708716
2025-01-25,2025-01-25,2013-05-01,0.17804077735872303
2025-01-25,2025-01-25,2013-06-01,0.23997080855994998
2025-01-25,2025-01-25,2013-07-01,0.0393997533233011
2025-01-25,2025-01-25,2013-08-01,0.12029315570472
2025-01-25,2025-01-25,2013-09-01,0.11630044852634698
2025-01-25,2025-01-25,2013-10-01,-0.257528325980464
2025-01-25,2025-01-25,2013-11-01,-0.204242419052338
2025-01-25,2025-01-25,2013-12-01,-0.008581149788259041
2025-01-25,2025-01-25,2014-01-01,0.37202476732360495
2025-01-25,2025-01-25,2014-02-01,0.369790865096873
2025-01-25,2025-01-25,2014-03-01,0.6440044126228239
2025-01-25,2025-01-25,2014-04-01,0.32967544531577303
2025-01-25,2025-01-25,2014-05-01,0.34926098400487
2025-01-25,2025-01-25,2014-06-01,0.18621269440941102
2025-01-25,2025-01-25,2014-07-01,-0.0390193964161093
2025-01-25,2025-01-25,2014-08-01,-0.167051416579219
2025-01-25,2025-01-25,2014-09-01,0.0752568824311014
2025-01-25,2025-01-25,2014-10-01,-0.25122778125538897
2025-01-25,2025-01-25,2014-11-01,-0.539941794106119
2025-01-25,2025-01-25,2014-12-01,-0.567010091001089
2025-01-25,2025-01-25,2015-01-01,-0.470589237347324
2025-01-25,2025-01-25,2015-02-01,0.43430449237720603
2025-01-25,2025-01-25,2015-03-01,0.5951721611097321
2025-01-25,2025-01-25,2015-04-01,0.20328732545876899
2025-01-25,2025-01-25,2015-05-01,0.509723202549469
2025-01-25,2025-01-25,2015-06-01,0.350286999852812
2025-01-25,2025-01-25,2015-07-01,0.0067047159295661
2025-01-25,2025-01-25,2015-08-01,-0.141627628281935
2025-01-25,2025-01-25,2015-09-01,-0.155675657530359
2025-01-25,2025-01-25,2015-10-01,-0.0449683750446447
2025-01-25,2025-01-25,2015-11-01,-0.21106803790814602
2025-01-25,2025-01-25,2015-12-01,-0.341709643711866
2025-01-25,2025-01-25,2016-01-01,0.165310220906868
2025-01-25,2025-01-25,2016-02-01,0.0823076533454985
2025-01-25,2025-01-25,2016-03-01,0.4306000143392679
2025-01-25,2025-01-25,2016-04-01,0.47410679791040006
2025-01-25,2025-01-25,2016-05-01,0.404579099811517
2025-01-25,2025-01-25,2016-06-01,0.32843661672818797
2025-01-25,2025-01-25,2016-07-01,-0.161813640474981
2025-01-25,2025-01-25,2016-08-01,0.0918430107884498
2025-01-25,2025-01-25,2016-09-01,0.240399586462898
2025-01-25,2025-01-25,2016-10-01,0.124674851301432
2025-01-25,2025-01-25,2016-11-01,-0.15554608673351403
2025-01-25,2025-01-25,2016-12-01,0.0327321392317517
2025-01-25,2025-01-25,2017-01-01,0.582772789025459
2025-01-25,2025-01-25,2017-02-01,0.31461173864166603
2025-01-25,2025-01-25,2017-03-01,0.0812797871947232
2025-01-25,2025-01-25,2017-04-01,0.296553336532688
2025-01-25,2025-01-25,2017-05-01,0.0854721826896363
2025-01-25,2025-01-25,2017-06-01,0.0907111014861139
2025-01-25,2025-01-25,2017-07-01,-0.0689922638852295
2025-01-25,2025-01-25,2017-08-01,0.299445229710857
2025-01-25,2025-01-25,2017-09-01,0.5294905893230339
2025-01-25,2025-01-25,2017-10-01,-0.0632042103727646
2025-01-25,2025-01-25,2017-11-01,0.0024324685907436802
2025-01-25,2025-01-25,2017-12-01,-0.05878322772623001
2025-01-25,2025-01-25,2018-01-01,0.544774545277541
2025-01-25,2025-01-25,2018-02-01,0.45346899748655
2025-01-25,2025-01-25,2018-03-01,0.22611259041490397
2025-01-25,2025-01-25,2018-04-01,0.397509156334893
2025-01-25,2025-01-25,2018-05-01,0.4158916925435
2025-01-25,2025-01-25,2018-06-01,0.159387570154372
2025-01-25,2025-01-25,2018-07-01,0.0067463262285171605
2025-01-25,2025-01-25,2018-08-01,0.0555542328357295
2025-01-25,2025-01-25,2018-09-01,0.116202517589025
2025-01-25,2025-01-25,2018-10-01,0.176676345572587
2025-01-25,2025-01-25,2018-11-01,-0.33493485181009697
2025-01-25,2025-01-25,2018-12-01,-0.319396281513109
2025-01-25,2025-01-25,2019-01-01,0.19065966652468397
2025-01-25,2025-01-25,2019-02-01,0.422705314009692
2025-01-25,2025-01-25,2019-03-01,0.564135835680577
2025-01-25,2025-01-25,2019-04-01,0.529500161289074
2025-01-25,2025-01-25,2019-05-01,0.21287585893841102
2025-01-25,2025-01-25,2019-06-01,0.0199147181481604
2025-01-25,2025-01-25,2019-07-01,0.16709416224533802
2025-01-25,2025-01-25,2019-08-01,-0.00506682360828189
2025-01-25,2025-01-25,2019-09-01,0.0783448576930001
2025-01-25,2025-01-25,2019-10-01,0.22861905522300002
2025-01-25,2025-01-25,2019-11-01,-0.0536243034669465
2025-01-25,2025-01-25,2019-12-01,-0.0909769525053793
2025-01-25,2025-01-25,2020-01-01,0.38797699378148703
2025-01-25,2025-01-25,2020-02-01,0.274061813149543
2025-01-25,2025-01-25,2020-03-01,-0.21764510317847896
2025-01-25,2025-01-25,2020-04-01,-0.668694186699718
2025-01-25,2025-01-25,2020-05-01,0.00195016166840463
2025-01-25,2025-01-25,2020-06-01,0.5472046927775109
2025-01-25,2025-01-25,2020-07-01,0.5058243501670089
2025-01-25,2025-01-25,2020-08-01,0.315321052408127
2025-01-25,2025-01-25,2020-09-01,0.13927469432666
2025-01-25,2025-01-25,2020-10-01,0.0414937759336148
2025-01-25,2025-01-25,2020-11-01,-0.0610627217844138
2025-01-25,2025-01-25,2020-12-01,0.0941478467042597
2025-01-25,2025-01-25,2021-01-01,0.425378348702726
2025-01-25,2025-01-25,2021-02-01,0.547438279392344
2025-01-25,2025-01-25,2021-03-01,0.7083273133749509
2025-01-25,2025-01-25,2021-04-01,0.821890915406006
2025-01-25,2025-01-25,2021-05-01,0.80171051547627
2025-01-25,2025-01-25,2021-06-01,0.9290662902357041
2025-01-25,2025-01-25,2021-07-01,0.481052352629404
2025-01-25,2025-01-25,2021-08-01,0.20659113636116103
2025-01-25,2025-01-25,2021-09-01,0.27159708590582105
2025-01-25,2025-01-25,2021-10-01,0.830811855200318
2025-01-25,2025-01-25,2021-11-01,0.491342750434762
2025-01-25,2025-01-25,2021-12-01,0.307251716148357
2025-01-25,2025-01-25,2022-01-01,0.8414573783545228
2025-01-25,2025-01-25,2022-02-01,0.913397925647697
2025-01-25,2025-01-25,2022-03-01,1.3351379548562698
2025-01-25,2025-01-25,2022-04-01,0.5582531025654971
2025-01-25,2025-01-25,2022-05-01,1.1023523999598799
2025-01-25,2025-01-25,2022-06-01,1.37360757588199
2025-01-25,2025-01-25,2022-07-01,-0.0118119138337545
2025-01-25,2025-01-25,2022-08-01,-0.0354399276350673
2025-01-25,2025-01-25,2022-09-01,0.21507845130010397
2025-01-25,2025-01-25,2022-10-01,0.405649443411221
2025-01-25,2025-01-25,2022-11-01,-0.10100264418881401
2025-01-25,2025-01-25,2022-12-01,-0.307009146454112
2025-01-25,2025-01-25,2023-01-01,0.799536383454017
2025-01-25,2025-01-25,2023-02-01,0.5582110505732301
2025-01-25,2025-01-25,2023-03-01,0.33107299561230497
2025-01-25,2025-01-25,2023-04-01,0.50590386832584
2025-01-25,2025-01-25,2023-05-01,0.25184350102024106
2025-01-25,2025-01-25,2023-06-01,0.32289142364864504
2025-01-25,2025-01-25,2023-07-01,0.19075150192226997
2025-01-25,2025-01-25,2023-08-01,0.436715506835353
2025-01-25,2025-01-25,2023-09-01,0.24851315523764997
2025-01-25,2025-01-25,2023-10-01,-0.0383379522984981
2025-01-25,2025-01-25,2023-11-01,-0.201513954841356
2025-01-25,2025-01-25,2023-12-01,-0.09933203278933923
2025-01-25,2025-01-25,2024-01-01,0.544750379793042
2025-01-25,2025-01-25,2024-02-01,0.618967177555072
2025-01-25,2025-01-25,2024-03-01,0.646416993742063
