PC1,PC2,PC3,FEDRates,Cluster
-2.486793552395918,-1.5587652201516715,-0.3230379755264064,0.8,3
-2.488619379572193,-1.5653332916378524,-0.211999761235162,1.22,3
-2.4895322931603308,-1.5686173273809427,-0.15648065408954,1.07,3
-2.471566262387604,-1.5510000211610138,-0.3790375552424325,0.85,3
-2.467914608035053,-1.5378638781886524,-0.6011139838249213,0.83,3
-2.46517586727064,-1.5280117709593817,-0.7676713052617877,1.28,3
-2.4420726028632465,-1.5177264450191088,-0.8239399691138638,1.39,3
-2.4402467756869712,-1.511158373532928,-0.9349781834051082,1.29,3
-2.4393338620988336,-1.5078743377898378,-0.9904972905507308,1.35,3
-2.427465570965004,-1.5071688490943946,-0.9354038661909516,1.43,3
-2.423813916612453,-1.494032706122033,-1.1574802947734406,1.43,3
-2.422901003024316,-1.4907486703789432,-1.2129994019190626,1.64,3
-2.5189850517184,-0.787825554250442,-1.262647180252526,1.68,3
-2.41255874731003,-1.4875425578146817,-1.2133651777779335,1.96,3
-2.519494039442415,-0.7936959666057646,-1.2073585067330854,2.18,3
-2.409446185701369,-1.4896447707831353,-1.1580141835955526,2.24,3
-2.4085332721132318,-1.4863607350400452,-1.2135332907411749,2.35,3
-2.3010859890905544,-2.174356143459531,-1.274830348566625,2.48,3
-2.410621151414841,-1.4811423889095927,-1.3244616955498931,2.45,3
-2.409708237826704,-1.4778583531665024,-1.3799808026955154,2.5,3
-2.4124469785911167,-1.4877104603957734,-1.2134234812586489,2.5,3
-2.512196641389087,-0.7886722784879704,-1.263156103115995,2.62,3
-2.5145344594556542,-0.8010915327635822,-1.096827502044149,2.75,3
-2.621185836678164,-0.118192386628684,-1.0359844964988871,2.71,3
-2.62211590094368,-0.1321699556661091,-0.9813506408473128,2.75,3
-2.301366188609631,-2.158573043654323,-1.3293284353297157,2.73,3
-2.510899891470063,-0.7986493348714314,-1.3197892188088125,2.95,3
-2.4977019465577057,-0.7971411401084676,-1.3204509380501512,2.96,3
-2.3958670347310584,-1.485718030762734,-1.1585530078437436,2.88,3
-2.5000570998087395,-0.8094493955111285,-1.1541124475164706,2.94,3
-2.3898995315357032,-1.4809367652190966,-1.2142822576163397,2.84,3
-2.4918829615433924,-0.8005384084795284,-1.3210971567523142,3.0,3
-2.4896790759888785,-0.7963910815764186,-1.432351047658363,2.96,3
-2.493233525103252,-0.8061529794291444,-1.3214452570383808,3.0,3
-2.494686704344545,-0.8151071519037582,-1.2106196327854937,3.0,3
-2.4961425453568022,-0.8240442807998827,-1.099792490032332,3.0,3
-2.589690219572972,-0.162060479347641,-1.0971062614812397,2.99,3
-2.3830597320837725,-1.4760060867706406,-1.2699841483780765,3.24,3
-2.3857984728481854,-1.4858581939999114,-1.1034268269412095,3.47,3
-2.3960914676382594,-1.4922646657348757,-1.0475378641256077,3.5,3
-2.503700818895354,-0.8580085803176521,-0.6561585267110756,3.28,3
-2.4024818627552227,-1.515252915936508,-0.6589041141062523,2.98,3
-2.633286236038025,-0.2387194128970596,-0.2089066437703778,2.72,3
-2.435219216629529,-1.5617388728826362,0.0080889247720461,1.67,3
-2.640079070212824,-0.2773898272109159,0.2899532990414031,1.2,3
-2.539137682732863,-0.9503201591150672,0.6203831950912874,1.26,3
-2.438778935742932,-1.5929269815624352,0.5631300403862659,0.63,3
-2.4378660221547945,-1.5896429458193448,0.5076109332406434,0.93,3
-2.5205551221855607,-0.9498486609559508,0.6750558355754765,0.68,3
-2.319964106007458,-2.2251229458994537,0.5056233761643527,1.53,3
-2.4168919829433904,-1.577095787412108,0.3959243600897139,1.76,3
-2.393557761720233,-1.557818204000449,0.1731878378751001,1.8,3
-2.4890046786691653,-0.9010147558564792,-0.0473526509497368,2.27,3
-2.2893265760792003,-2.1795730765430723,-0.1612660032152388,2.42,3
-2.4706285510546104,-0.8893070953623059,-0.1589246508691948,2.48,3
-2.270037534876508,-2.1645813803058087,-0.3283571102803188,2.43,3
-2.36696541181244,-1.5165542218184629,-0.4380561263549575,2.8,3
-2.443168920512338,-0.856749742430037,-0.6037228411159884,2.96,3
-2.3422445220345804,-1.4938489761154643,-0.7162969951648847,2.9,3
-2.440998226146788,-0.852389889114299,-0.7149577969482785,3.39,3
-2.440605671571793,-0.8577161706076291,-0.6596113165020929,3.47,3
-2.342194464427628,-1.4969822161955362,-0.6607551253531926,3.5,3
-2.443917174825945,-0.87303033416165,-0.4377289390017846,3.76,3
-2.4425499941147577,-0.8810100960107428,-0.3269280918720219,3.98,3
-2.344816767316888,-1.515934967470016,-0.3276851231395267,4.0,3
-2.3402521993762,-1.4995147887545643,-0.6052806588676374,3.99,3
-2.221475390780663,-2.1196603373527103,-0.7175416486667857,3.99,3
-2.4147804861103785,-0.8453909611647038,-0.8272572158598003,3.97,3
-2.321611827253197,-1.4967360113394286,-0.5504187113991938,3.84,3
-2.4237565346005696,-0.8626484303974077,-0.6051294965375069,3.92,3
-2.324533011716173,-1.4888567921537788,-0.7167333266594768,3.85,3
-2.4252491054741423,-0.8713503744175052,-0.4942813999512688,3.32,3
-2.3239091625299384,-1.5007897749349517,-0.4947627913157178,3.23,3
-2.324822076118076,-1.5040738106780418,-0.4392436841700958,2.98,3
-2.3239091625299384,-1.5007897749349517,-0.4947627913157178,2.6,3
-2.535934082215044,-0.273750763933136,-0.0497745110463354,2.47,3
-2.340641385369773,-1.524228904911796,-0.1611860553371877,2.44,3
-2.345205953310461,-1.5406490836272475,0.116409480390923,1.98,3
-2.3169971975737003,-1.631208355284092,0.090416143128218,1.45,3
-2.319735938338113,-1.641060462513363,0.2569734645650849,2.54,3
-2.319735938338113,-1.641060462513363,0.2569734645650849,2.02,3
-2.3052257650649,-1.6395675128424658,0.311992268958064,1.49,3
-2.3061386786530376,-1.6428515485855562,0.3675113761036859,1.98,3
-2.3043128514767623,-1.6362834770993755,0.256473161812442,1.73,3
-2.481669405092167,-0.3920381440322367,0.4220759306455681,1.17,3
-2.187691346024584,-2.237890220843186,0.0343726577405799,2.0,3
-2.381615275897303,-1.0053059382580682,0.2000016447576922,1.88,3
-2.264933293947897,-1.6120580395020585,0.0332088717126546,2.26,3
-2.261281639595347,-1.5989218965296974,-0.1888675568698341,2.61,3
-2.260368726007209,-1.595637860786607,-0.2443866640154561,2.33,3
-2.248130391651505,-1.5530376518132591,-0.34746483492131,2.15,3
-2.341736047997426,-0.9262829950345152,-0.4590591278413558,2.37,3
-2.24630456447523,-1.5464695803270785,-0.4585030492125544,2.85,3
-2.332788735768045,-0.9287411331548252,-0.403979243775897,2.78,3
-2.235851506123097,-1.540310136829814,-0.5142787780146956,2.36,3
-2.235851506123097,-1.540310136829814,-0.5142787780146956,2.68,3
-2.318003200243595,-0.920357907313889,-0.5155690448403089,2.71,3
-2.2250355862626434,-1.5430271167446228,-0.4036107583539265,2.93,3
-2.319513164862955,-0.928948477487204,-0.4047110253838852,2.9,3
-2.2182560579102084,-1.5320684967225895,-0.5702228496476998,2.9,3
-2.220994798674621,-1.5419206039518605,-0.4036655282108334,2.94,3
-2.219168971498346,-1.5353525324656798,-0.5147037425020777,2.93,3
-2.211273988968012,-1.5285036592687575,-0.4012881509520768,2.92,3
-2.213099816144287,-1.5350717307549382,-0.2902499366608325,3.0,3
-2.306350696642683,-0.9197182485291462,-0.3470483201788987,2.98,3
-2.198983499386036,-1.5247633059632266,-0.4016336606210985,2.9,3
-2.200809326562311,-1.5313313774494073,-0.2905954463298541,3.0,3
-2.2928355665621605,-0.9146898772206544,-0.4030907725042745,2.99,3
-2.269957165266161,-0.909664708280523,-0.4039978692316958,3.02,3
-2.1736760468052454,-1.5079030579212755,-0.5689214055982539,3.49,3
-2.174588960393383,-1.511187093664366,-0.5134022984526319,3.48,3
-2.261032963277855,-0.9060813138144348,-0.4599239502350846,3.5,3
-2.1687111711280718,-1.515485752938537,-0.4025955357974107,3.48,3
-2.260727289189134,-0.908038574748325,-0.4600983327021417,3.38,3
-2.1472473572569277,-1.4957629527595184,-0.456238483980439,3.48,3
-2.145421530080652,-1.4891948812733378,-0.5672766982716828,3.48,3
-2.145421530080652,-1.4891948812733378,-0.5672766982716828,3.43,3
-2.1318439169679864,-1.482060947269524,-0.623156381408724,3.47,3
-2.130018089791711,-1.4754928757833434,-0.7341945956999684,3.5,3
-2.224469253001532,-0.8798423974007323,-0.6253133249457824,3.5,3
-2.2039368012008294,-0.8665446688726527,-0.7925990424400382,3.42,3
-2.0186764839866105,-2.061914017146257,-0.8432889614606196,3.5,3
-2.205762628377105,-0.8731127403588334,-0.6815608281487943,3.45,3
-2.107939339711451,-1.4688459281429207,-0.7348326412775232,3.36,3
-2.198137316416807,-0.863910975689117,-0.8483709641451128,3.52,3
-2.1070264261233134,-1.4655618923998304,-0.7903517484231453,3.85,3
-2.0956193596912054,-1.3805176110455413,-0.8263693567630376,3.9,3
-2.0974451868674806,-1.387085682531722,-0.7153311424717936,3.98,3
-2.186432375890251,-0.7807740111464062,-0.8845585051727237,4.05,3
-2.171563927612672,-0.7812098847228484,-0.8296856429291237,4.09,3
-2.077395227806684,-1.3659222121658745,-0.9934040762460749,4.1,3
-2.261492801902863,-0.1871275314980933,-0.8883791809910038,4.05,3
-2.0498857324538458,-1.3513766715687523,-1.1053027618886226,4.09,3
-2.0498857324538458,-1.3513766715687523,-1.1053027618886226,4.12,3
-2.048972818865708,-1.348092635825662,-1.1608218690342451,4.02,3
-2.1122576258579286,-0.7506619357082055,-1.1651054558663514,4.08,3
-2.0198785124814997,-1.3330448773855006,-1.272804653376044,4.1,3
-2.110143261773804,-0.7459413941192495,-1.2763082761208893,4.32,3
-2.0685072445058608,-0.978695913825302,-1.234003260030213,4.42,3
-2.2484632986698383,0.1918392322825258,-1.24133764693123,4.6,3
-2.1570042896205237,-0.3937817021364914,-1.2935136350869385,4.66,3
-2.2406671969195124,0.1827069078554142,-1.2424636422515496,4.67,3
-2.0614971252546903,-0.9736660055502414,-1.289679167847648,4.9,3
-2.150068171830949,-0.3974074655816338,-1.2941490225008672,5.17,3
-2.138008383655091,-0.3956294535246265,-1.2946963855890774,5.3,3
-2.2266671878335464,0.1720614966305865,-1.2441178721676156,5.53,3
-2.047887694964793,-0.9635514821791956,-1.4011071858058293,5.4,3
-2.213152164090975,0.1718404194018682,-1.3006280755572812,5.53,3
-2.035460540208647,-0.9568068284320552,-1.4569967763117484,5.76,3
-2.037286367384922,-0.9633748999182358,-1.3459585620205043,5.4,3
-2.012031333226522,-1.0207238970300507,-1.3069597240198267,4.94,3
-2.011118419638384,-1.0174398612869604,-1.362478831165449,5.0,3
-2.098970453477594,-0.4549147401172291,-1.3123605680802024,4.53,3
-2.0955633148068955,-0.4558264085251479,-1.3125167162344422,4.05,3
-2.0952987050922225,-0.4575207302762125,-1.3126676720941457,3.94,3
-2.0959486030001244,-0.4624888810127575,-1.2572986114355715,3.98,3
-2.0810362746275226,-0.4567268893812602,-1.3134149767159569,3.79,3
-2.080776404106105,-0.4583908656167609,-1.3135632289372354,3.9,3
-2.0805180850504867,-0.4600449076657823,-1.313710596070626,3.99,3
-2.07036888848804,-0.4647536562114924,-1.203200909553952,3.88,3
-2.069200717383184,-0.4631040591859449,-1.2588656372711005,4.13,3
-2.068034056677835,-0.4614447909253827,-1.3145295033280622,4.51,3
-2.207560085422272,0.4530518418336399,-1.2225845679319411,4.61,3
-2.122712408843942,-0.0993655977333648,-1.2159905867336096,4.71,3
-2.1215516576339755,-0.0976684903988498,-1.2716510815123971,5.05,3
-2.09595284664298,-0.0854151707831433,-1.3836612094079788,5.76,3
-2.0957078866530447,-0.0869836734346839,-1.383800955395458,6.12,3
-2.1810679105149733,0.4413258448047905,-1.225107739129316,6.07,3
-2.1677848004175777,0.4388356975687953,-1.2260628317000877,6.03,3
-2.082186770936503,-0.090997793809357,-1.3848918265898404,6.03,3
-2.081037235824558,-0.0892288687078135,-1.440545922753515,5.78,3
-2.1552841972284744,0.4388053671065231,-1.393978621409138,5.91,3
-2.072472011145405,-0.091449118475092,-1.4412217272019063,5.82,3
-2.0722407142780925,-0.09293013482298,-1.4413536785835668,6.02,3
-2.1153289156249038,0.1971884886020856,-1.3629100668724234,6.3,3
-2.196289312626946,0.7155857885083868,-1.3167233788799664,6.61,1
-2.276117700164226,1.2267347216609228,-1.2711824852498097,6.79,1
-2.187298714101525,0.7031190116758015,-1.3182395853575617,7.41,1
-2.1067929909146206,0.1876330324501485,-1.364166888781566,8.67,1
-2.1868918816027967,0.6913845133197849,-1.263473373491613,8.9,1
-2.175183708877822,0.6890663194176885,-1.2643978754796117,8.61,1
-2.17432533042887,0.6835700386839973,-1.2648875674656843,9.19,1
-2.097184980185101,0.1713738493238362,-1.1988983689094368,9.15,1
-2.1791393371238152,0.6673156756599274,-1.1544146557889097,9.0,1
-2.176478051281863,0.6685342240149473,-1.265929486674824,8.85,1
-2.1756515041752813,0.66324176246382,-1.2664010193591535,8.97,1
-2.1222381176199616,0.2437549534622543,-1.063501387902123,8.98,1
-2.201237843844956,0.7222093567601212,-0.8534383220285493,8.98,1
-2.202258788839858,0.7104875463470443,-0.7428592809078715,7.76,1
-2.2754615569603227,1.1842180848727522,-0.5892896344035372,8.1,1
-2.125371523050813,0.2049179725861176,-0.5649171324469,7.95,1
-2.200969010672397,0.6798465316085158,-0.4667915998579176,7.61,1
-2.18831570513665,0.6754993030226769,-0.4122111975621325,7.21,1
-2.040242437626334,-0.2817577474876385,-0.4416864644115937,6.62,1
-2.19120332779126,0.6574709907438178,-0.1905706375642337,6.29,1
-2.2038706290051757,0.6451832966689127,-0.1350333585505155,6.2,1
-2.2067737254189166,0.627254064375459,0.0866160289940795,5.6,3
-2.207858555847694,0.6159413186118943,0.1972315157932725,4.9,3
-1.9378349251289928,-0.6702047870033965,-0.1016530080233085,4.14,3
-2.0104563299860287,-0.2052028652324376,-0.0602235895432931,3.72,3
-2.01118723504069,-0.209652319325831,-0.0048083155266937,3.71,3
-2.000937657965228,-0.2048190211049831,-0.0608232634831643,4.16,3
-2.072835565285097,0.2555502755351166,-0.0198065894590781,4.63,3
-2.143840544746126,0.7102020682081607,0.0207006826605811,4.91,3
-1.9881442015769204,-0.2111312942014747,-0.0064143289476747,5.31,3
-1.9888822000760835,-0.2155353282794914,0.0490049917722527,5.57,3
-1.9169537603623927,-0.6669706165286414,-0.0470274042064065,5.55,3
-1.981098195781995,-0.2054532908075788,-0.1178186704764827,5.2,3
-1.9120825544947897,-0.665626178138959,-0.0471944477417239,4.91,3
-2.0534190783730297,0.2393653370925411,0.0334359119406533,4.14,3
-1.8266516899805456,-0.8946076963612793,-0.2274202775149667,3.51,3
-1.9663875312980048,0.0092640029576833,-0.2027013868258142,3.3,3
-1.896635513547374,-0.4464944642430181,-0.1874955594640075,3.83,3
-1.8631462482085708,-0.4341890768793659,-0.2443788583726054,4.17,3
-1.862978019821788,-0.4352662596095029,-0.2444748301353378,4.27,3
-1.8628106002253264,-0.4363382635765154,-0.2445703404953648,4.46,3
-1.9162154817266908,0.014215844399615,-0.2612518829345785,4.55,3
-1.8465721184886743,-0.4317173871045559,-0.3009823734920602,4.81,3
-1.8454949628325048,-0.4294850093047537,-0.3565951782655637,4.87,3
-1.889678752215338,0.0135978392025104,-0.2630873388426381,5.05,3
-1.817961441730247,-0.4182265474927243,-0.4689958961408422,5.06,3
-1.816887373991985,-0.4159743974540855,-0.5246069393036541,5.33,3
-1.9379971541862988,0.2989376210417313,-0.4990713745993153,5.94,1
-2.07444675898682,1.1635082076143033,-0.3662306250166086,6.58,1
-2.1394841615532,1.5890785350316603,-0.3841260693835542,7.09,1
-2.052483569909924,1.1481595309188597,-0.3689476767855345,7.12,1
-2.0501927622172995,1.1426207766340697,-0.4252528517797242,7.84,1
-2.048833700378473,1.133918571435699,-0.4260281761041683,8.49,1
-1.9202204627145305,0.2895738817883132,-0.5568691166677768,10.4,1
-2.376784439705424,3.212997452705224,-0.2964062393261334,10.5,1
-1.9189155200923136,0.2812182071999993,-0.5576135667936681,10.78,1
-2.091565389488669,1.520464305015773,-0.5601457007061764,10.01,1
-2.027763046765614,1.0936726756739312,-0.4865473696034973,10.03,1
-2.027433127573686,1.0824306607054592,-0.4317372798536052,9.95,1
-2.3700192723916387,2.63128884739477,0.0397540329872472,9.65,1
-2.492832738591364,3.408545911633427,0.1648155707293681,8.97,1
-2.487189158817919,3.381539031471553,0.1065976897240801,9.35,1
-2.2330405333125354,1.8055053077512135,-0.0345253966599654,10.51,1
-2.47339763279804,3.344535203855257,0.1025947110938154,11.31,1
-2.3527322846711343,2.544514707542586,0.1987518571156214,11.93,1
-2.3610893900032512,2.525585348420876,0.253269744839034,12.92,1
-2.476196386798709,3.262626649460732,0.3189365540890732,12.01,1
-2.475635411641977,3.22251662982788,0.5386097409388404,11.34,1
-2.416527616133658,2.826528478635504,0.5589429141117381,10.06,1
-2.362648250823858,2.4267565981140184,0.8581953692162765,9.45,1
-2.366368457995799,2.3958003849556597,1.1903075135173244,8.53,1
-2.1685820091180483,1.180664964250998,1.4983552201934909,7.13,1
-2.2791076840784754,1.888371615792757,1.5614084542879851,6.24,3
-2.1718736535626464,1.1560941325274623,1.7752245722252606,5.54,3
-2.1600038867559803,1.150849924522484,1.8853592662112455,5.49,3
-2.216052661194504,1.49147666055438,2.0273308558312904,5.22,3
-2.2676320600412687,1.84000359089511,1.9467595192090208,5.55,3
-2.344683983428536,2.5351997065943515,1.8949696057888656,6.1,3
-2.0726406961628325,0.8115390874484435,1.6297763974336754,6.14,3
-2.179000385129916,1.4925705253009405,1.690452999219281,6.24,3
-2.15541279628252,1.4939355444063798,1.6888130955543457,5.82,3
-2.2062792830509235,1.8287681190594411,1.6628333570045049,5.22,3
-2.099310323078028,1.152964969950793,1.54681087159651,5.2,3
-1.819541334597632,0.0258873124652612,1.1221039810841862,4.87,3
-1.869606228789357,0.3647167221299446,1.0406686423503193,4.77,3
-1.816522604303692,0.0339466194924123,0.9553869298347156,4.84,3
-1.8551333890131767,0.3653521038474847,1.0397059686436785,4.82,3
-1.9550681182351848,1.0326324301062162,0.9317223165435132,5.29,3
-1.9042786246669088,0.6891633401258814,1.012744282238665,5.48,3
-1.8940963032928269,0.6807390520783136,1.1227319013705954,5.31,3
-1.8932942452768708,0.6756033965573891,1.122274339343894,5.29,3
-1.84032052944875,0.3546665600284078,0.982057024379809,5.25,3
-1.876626345738582,0.674796812289016,1.0651695729205124,5.02,3
-1.7769205155829284,0.0272411695844451,1.0632872011261256,4.95,3
-1.826667756542168,0.345777594132949,1.0916672533708305,4.65,3
-1.8934048694438936,0.8590284880390365,1.002588371387473,4.61,3
-2.041775900734605,1.7999331284501758,1.1422301153589978,4.68,3
-1.939128916098078,1.1609335182523894,0.9736749481489396,4.69,3
-1.9509485692611048,1.4805425650681887,0.887968724579343,4.73,3
-1.8507543030183964,0.8572479494093194,0.7208127962982356,5.35,3
-1.8997936780323228,1.152992818871512,0.8587856290417527,5.39,3
-1.8166948445999007,0.8595939293039054,0.6628256609245387,5.42,3
-1.7695227267623497,0.5484167583979807,0.6909129813472059,5.9,1
-1.7673872101064525,0.5530018580116128,0.5796980938688292,6.14,1
-1.762692510859529,0.552163960958084,0.579041278532458,6.47,1
-1.809307809389477,0.85064625337621,0.6056346047586576,6.51,1
-1.7582803749292235,0.5604306663889427,0.3565310066555142,6.56,1
-1.904473489739965,1.4271511158614374,0.4842219992941009,6.7,1
-1.9023690705643823,1.422805825387916,0.4280231561436362,6.78,1
-1.9471439420481544,1.7095036843454694,0.4535665464394023,6.79,1
-1.8767725922004108,1.7253392700850745,0.3381719222280042,6.89,1
-1.9193081893276012,2.006828347723004,0.3074395365221888,7.36,1
-1.9606820402752796,2.2808786515290747,0.276044392105862,7.6,1
-1.8505068932021924,1.6881049423364354,0.3889199465188116,7.81,1
-1.7580955582704592,1.1237747034643186,0.1712057597299167,8.04,1
-1.8459943845671736,1.6774699310130563,0.2763490208913446,8.45,1
-1.85855421231784,1.9602031539507876,0.1875859008188772,8.96,1
-1.7279102729106133,1.1145477872562632,0.168053803331534,9.76,1
-1.7282480011555634,1.107580783791973,0.2232447758957141,10.03,1
-2.0478600775811424,2.7956788091890163,0.4814743421542607,10.07,1
-2.1302461417939487,3.323204794971283,0.528474351833406,10.06,1
-2.083585496138372,3.0335616507747907,0.4468568520711065,10.09,1
-2.1144107915845507,3.2820404968438703,0.4680397948349464,10.01,1
-2.1497707407063635,3.5267127123520026,0.3782155062559707,10.24,1
-2.105621525175962,3.234891479064161,0.4080273469485732,10.29,1
-2.084412700190144,3.217281626100485,0.4047623408930626,10.47,1
-2.04411198467297,2.931843692318919,0.5467663002880842,10.94,1
-2.079738213827956,3.16909141451044,0.512092224143804,11.43,1
-1.991431985224084,2.650513930672503,0.5207558670390037,13.77,1
-2.0270995515438663,2.888026338752553,0.4861053731250933,13.18,1
-2.063611926472811,3.1126891180025718,0.5619334371747423,13.78,1
-2.2937388285123315,4.357713343992894,0.943291879059963,13.82,1
-2.287878011964864,4.320185965349029,0.9399483714280517,14.13,1
-2.3188134655024903,4.518268684544164,0.957596582076172,17.19,1
-2.2407911844493764,3.7531081701260622,1.2262161781229235,17.61,1
-2.206977151551179,3.4818165655058286,1.5369156033743134,10.98,1
-2.2404323635384467,3.686904032961132,1.610999601977671,9.47,1
-1.9226006575360597,1.6444190739417652,1.5400151196773944,9.03,1
-2.1313853434625543,2.9904172441335257,1.6041253369940178,9.61,1
-2.162746951503576,3.209487692640265,1.512020055005619,10.87,1
-2.1585753949359474,3.428190346864209,1.5280435506147625,12.81,1
-2.121894408165504,3.193318419306628,1.5071175997306627,15.85,1
-2.1510073610832974,3.4071200205321044,1.3587311901544965,18.9,1
-1.8994927226203095,2.410832630900318,1.287765478940773,19.08,1
-1.963137907867041,2.827488455349384,1.269075795546582,15.93,1
-1.8614303355380168,2.1762449730075057,1.2110531562861495,14.7,1
-1.8663277858890397,2.1714705421217,1.0992260435670564,15.72,1
-1.9001861572900152,2.3608804579735243,1.2835366459150226,18.52,1
-1.9306024142796967,2.5556387111514267,1.300888662746726,19.1,1
-1.963619887657854,2.967377740942151,1.1676915648304411,19.04,1
-1.867301425288115,2.332382233501173,1.2227399390596518,17.82,1
-1.9300812069775368,2.716108263925457,1.3685514670110808,15.87,1
-1.7275727741107665,1.293962881453321,1.4101020658888332,15.08,1
-1.7620373519677384,1.4781248859506246,1.6497568035796415,13.31,1
-1.7635659415341174,1.469653573125387,1.7606254482880246,12.37,1
-1.5533904443135782,0.4524794053681877,1.536642604257993,13.22,1
-1.5558357238833,0.4407482375538851,1.7030325105000366,14.78,1
-1.4342442716623365,-0.3469431728290527,1.6886647207076897,14.68,1
-1.5771678675993863,0.6259771131164195,1.9415851439151348,14.94,1
-1.7298481439896587,1.5944742692138518,2.08368524735952,14.45,1
-1.8196102679404207,2.1509708626712367,2.244889795472384,14.15,1
-1.61021989770763,0.7793213838079978,2.2342323275942144,12.59,1
-1.5205225763693817,0.2049807072250633,2.1830613557633285,10.12,1
-1.523139947922412,0.1943514611254054,2.3495494378917723,10.31,1
-1.5502892931092105,0.3740895051219207,2.5324989493667167,9.71,1
-1.406504791206133,-0.5830946927229093,2.6704652697982527,9.2,1
-1.3473982904642685,-0.9615593683682058,2.636745900709418,8.95,1
-1.3318292119495627,-0.503150857317468,2.31966641062194,8.68,1
-1.2868189312484786,-0.7055624077997358,2.316613174497672,8.51,1
-0.9254119079288586,-1.15914696702532,2.5436688273415924,8.77,1
-1.3870705124966782,0.4239373244679738,2.3320564715900227,8.8,1
-1.0934637225398838,0.0183168912345527,2.495955812556704,8.63,1
-0.6775701424342224,-0.8129725349549771,2.741732909011441,8.98,1
-0.9694950165469952,-0.3422351732380657,2.086545511813757,9.37,1
-1.237166111297992,-0.2942504335413478,1.857332568608345,9.56,1
-1.2772504603957249,0.0715265604101087,1.7367565524241524,9.45,1
-1.1412093787533353,-0.2998836898695093,1.5078368307164751,9.48,1
-1.152157780463974,-0.4404889425243471,1.2862996728426843,9.34,1
-0.8117003768486665,-0.8681871342472213,1.4393529740349469,9.47,1
-1.272414560395779,0.5728469313588095,1.150517861464968,9.56,1
-1.1868664168863583,0.3473873417849737,1.0718988458151626,9.59,1
-0.9263938997455636,-0.3408530965119268,1.181628778025843,9.91,1
-1.107440730089568,0.3246297933682616,1.0491586986098769,10.29,1
-0.7822049394852038,-0.2438149359711561,1.090671523890629,10.32,1
-1.0623555586076556,-0.010575045246782,0.7241414454219546,11.06,1
-1.1105872817218698,0.1975303911561927,0.8672956802599949,11.23,1
-1.1056159421523135,0.1911134497910659,0.8711617459731954,11.64,1
-1.0780766320659314,0.3292419523988712,0.8235662886070872,11.3,1
-0.7601273271571741,-0.22018126332233,1.0651704476982593,9.99,1
-0.456331602431697,-0.919808673761679,1.1055239004937398,9.43,1
-0.6825051629228955,-0.740922375696017,0.9572275027944812,8.38,1
-0.5601126554910226,-0.6510649948206247,1.0362562275486495,8.35,1
-1.2656165144765064,0.3827226546643079,0.4626715827562419,8.5,1
-1.0181781723240146,0.0264584738256664,0.6453732168753602,8.58,1
-0.9685806804545636,0.1572978750026726,0.7642660965428658,8.27,1
-0.6470206123395904,-0.2535418719569936,0.958042545160631,7.97,1
-1.0240509794634525,-0.1096297282709868,0.6892618471093916,7.53,1
-0.3428890246345985,-0.7726178309356623,1.2317451485933248,7.88,1
-0.5939200709958345,-0.5580973972813241,0.8354302481672512,7.9,1
-0.6181070990830262,-0.3893737932319799,0.8528813867645355,7.92,1
-0.6281441728053782,-0.2113530799676886,0.8639859261257793,7.99,1
-1.0765990771158784,0.0043864012420568,0.3620721569681952,8.05,1
-0.5062777881302518,-0.4580658620477937,0.8777741285596505,8.27,1
-0.7186627047846037,-0.568490330107886,0.300590746009211,8.14,1
-0.2553648204978626,-1.849689152846006,0.7677533042543079,7.86,3
-0.5026743566062857,-1.946778783768596,0.4656427725027663,7.48,3
-0.5134602668842958,-1.4764057427160675,0.5031459577191854,6.99,3
-0.171622537640184,-1.0129642290164873,1.0649604672627115,6.85,3
-0.5353065262150964,-0.2746355952823753,0.8530424185947661,6.92,3
-0.5046424039170854,-1.1556005465973276,0.510220454794285,6.56,3
-0.3746057975803553,-0.96140414735029,0.6494146319215506,6.17,3
-0.6318956000461516,-0.3156961661352385,0.5894328580682615,5.89,3
-0.5523985280484479,-0.9528297100051576,0.4906107591946613,5.85,3
-0.6588999306767932,-0.8628117678919818,0.3378682548411735,6.04,3
-0.4886566855840738,-0.9885548637545204,0.3228337476929209,6.91,3
-1.0760609759034314,0.730432944879654,0.209331257877534,6.43,3
-0.4980238111158659,-0.1797102933096372,0.6156004755438966,6.1,3
-0.6374356485846271,0.075837826729155,0.5271195005290187,6.13,3
-0.8623879780512679,0.4421386251762708,0.1647072174588866,6.37,3
-0.754343590185717,0.0632044503047346,0.1855796000013214,6.85,3
-0.3486645546484564,-0.2628792669747087,0.4957570397857213,6.73,3
-0.624152894953421,-0.1544080239105292,0.1293707641538492,6.58,3
-0.483232849572476,0.1607889231078784,0.3126420757042649,6.73,3
-0.9542588113301488,0.5412629120027803,-0.1710657560730924,7.22,3
-0.4805128105361716,-0.2249291189686709,0.1608007279200768,7.29,3
-0.3148499591169613,-0.6324344909963822,0.1237479916371822,6.69,3
-0.1690754332703072,-0.8865410704440916,0.1623171620565807,6.77,3
-0.3683192949435005,-0.2060642324883357,0.1248000703849835,6.83,3
-0.2669482108859128,-0.289133892778518,0.2162330530966841,6.58,3
-0.6895192970628867,0.3303057582328057,-0.0928763312619948,6.58,3
-0.7544700779671089,0.5699442588676997,-0.3188773355498057,6.87,3
-0.3792713548422333,-0.0219620100369739,0.0593392571615665,7.09,3
-0.7126881560164031,0.3914534779336582,-0.3192319827934463,7.51,1
-0.6675520056090627,0.373465599790508,-0.2980897119148924,7.75,1
-0.8423848562831996,0.5039189357077469,-0.3443503650352714,8.01,1
-0.8477003200752586,0.9210335343604086,-0.3551086827768306,8.19,1
-0.532541053430866,0.1585515083375407,-0.2485151860300984,8.3,1
-0.134211704319399,-0.564923728814939,-0.0513503678673599,8.35,1
-0.40351475666115,-0.2128367615016809,-0.2595996538553068,8.76,1
-0.6926415715415466,0.7319225694613493,-0.2647675441841752,9.12,1
-0.7966216689630754,0.6865447559440311,-0.5078018099601097,9.36,1
-0.7986659034648486,0.9594454597264472,-0.5529330133215267,9.85,1
-0.7607216540002367,1.0743064672969402,-0.395858068216292,9.84,1
-0.8616814957975224,1.0177261408250404,-0.5236580397198469,9.81,1
-0.3897503904117486,0.1044059694660509,-0.179453866196717,9.53,1
-0.8511805148708737,0.5042564930121851,-0.67420329712534,9.24,1
-0.097298434853932,-0.2363384709295126,-0.026617475899455,8.99,1
-0.2968813206130755,0.1801711958605818,-0.0825207444217881,9.02,1
-0.7522455824861808,0.8157483044055475,-0.4359270190114948,8.84,1
-0.4349102524509402,0.1651688450012537,-0.1952836530477288,8.55,1
-0.3149119215854464,-0.0612275893418615,-0.1208206450013204,8.45,1
-0.9234832488020782,1.9877549607586005,-0.2641790827206625,8.23,1
-0.7028206261348533,0.9078737876378964,-0.3596435772250177,8.24,1
-0.7902262795134751,1.1053375228970532,-0.4627015739288228,8.28,1
-0.6805030713908027,0.391162343831698,-0.4317020518366921,8.26,1
-0.3700403670652694,0.2651417331221823,-0.1178182992693595,8.18,1
-0.8677982039403633,1.1754618381679005,-0.5490953111155852,8.29,1
-0.7393044829584119,0.8117294566438968,-0.3363295910119239,8.15,1
-0.9854746765283512,1.8683805214795652,-0.2181042599430651,8.13,1
-0.2594710620732161,1.1367721440128646,0.5154932101796885,8.2,1
-0.6391552287669889,1.0462833867263552,0.0899571778138633,8.11,1
-0.3006539939473718,0.1490214089717829,0.404024886956383,7.81,3
-0.5926296573835215,0.0177597968809906,0.1003692928912474,7.31,3
-0.8333110830678819,0.941994622406938,0.0637123009643007,6.91,3
-0.4070508623837438,-0.1373029834005577,0.3704899130826162,6.25,3
-0.2360347431602845,-0.2840063808170944,0.6378212640272005,6.12,3
-0.1433852722329695,-0.3309349107486343,0.6438391264455169,5.91,3
-0.4584638429102202,0.1546688361059493,0.5344310618211506,5.78,3
-0.0713966909323305,-0.1597670748207727,0.8842767161282794,5.9,3
-0.3928029944349866,-0.1182259425297687,0.4590874776990984,5.82,3
-0.1022137376656481,-0.1201599807783044,0.8408799120804494,5.66,3
-0.3851687274957981,0.3440220692888439,0.646927263185071,5.45,3
0.1369663381648231,-0.5446535587075065,1.0397217796053742,5.21,3
-0.3881215084001498,0.1150125804011613,0.6266003997994342,4.81,3
0.0786815382355641,-0.6279527274070414,1.12480663795116,4.43,3
0.3812080442485893,-0.9549983566756224,1.2584386246011394,4.03,3
0.1061741696649046,-0.3856785545614787,1.1584737344317857,4.06,3
-0.2310147623422238,0.1182253733453913,0.9143591754090236,3.98,3
0.2379885878503263,-0.8132401685010816,1.1563585505465288,3.73,3
0.1438681238361681,-0.74550156738795,1.1838009396313995,3.82,3
-0.287032509280925,-0.0581684901490364,0.9980942851280008,3.76,3
0.4015640285514164,-0.814604015532683,1.4779576978496969,3.25,3
0.2983767624471741,-0.6127856064140861,1.3584032504665104,3.3,3
0.3609727791482389,-0.6647144461969234,1.4146954028898902,3.22,3
-0.1014939626159132,-0.1333632895244149,0.8288961802291168,3.1,3
0.0845119661444858,-0.6319217413542905,0.9627943298250696,3.09,3
0.4908065580918089,-1.3024291748304615,1.240238624705588,2.92,3
-0.0456467960253453,0.0403279232608196,0.9222986776841372,3.02,3
0.2804583564325518,-0.4460503627773564,1.0438308857059289,3.03,3
0.4288466101214572,-0.5640119607158969,1.1212248501755202,3.07,3
-0.1249792303737379,-0.214622895257127,0.628548049601143,2.96,3
0.1921872006948614,-0.6969477216630778,0.8559667995107535,3.0,3
0.2985726342255872,-0.7792717537440635,0.8957969344699716,3.04,3
0.5670808944441221,-1.1998660386885902,1.0083565893424649,3.06,3
0.2804996291154014,-0.5161704141801357,0.8108311449550754,3.03,3
0.3497252533809487,-0.6810375921156946,0.7873470650973716,3.09,3
-0.0105030928916568,-0.0182330038562127,0.5692696207535191,2.99,3
0.1067438750408287,-0.6626554480136075,0.4156080878878637,3.02,3
0.3295616191446346,-0.9498068564265422,0.5316021288975561,2.96,3
0.3231714015955664,-0.5400947651445965,0.6312231798782073,3.05,3
0.0828633152068866,-0.236369697026412,0.4426386385857673,3.25,3
0.4375216624041361,-0.521047600062803,0.7066908503705801,3.34,3
0.4520396579269108,-0.8174112867362928,0.5388886693042572,3.56,3
0.3788516663420797,-0.8561536776931902,0.2746258543234741,4.01,3
0.302216785129075,-0.3557540456966445,0.3209026101289797,4.25,3
0.544844322455629,-0.6420821065522825,0.4926132475578973,4.26,3
0.1491682025016447,-0.1013311965377009,0.1354174300160195,4.47,3
0.13295447748109,-0.3038714101884083,0.0064722411014715,4.73,3
0.60295262311254,-0.968096742981896,0.2565581605023792,4.76,3
0.0492083439231308,-0.4041483498342916,-0.3286560335364216,5.29,3
0.8730011665426922,-1.2826510181814557,0.3033211341236003,5.45,3
0.0257751931247966,0.10029157280492,-0.2264051285769519,5.53,3
0.2375884366614837,-0.0655462416273893,-0.1481292869089897,5.92,3
0.2752418140416535,-0.2057181130284542,-0.1429949072777201,5.98,3
0.1867386541971972,-0.1387298601031632,-0.0099393755424736,6.05,3
0.2513909587158338,-0.3976263502964996,-0.1207387916385061,6.01,3
0.6119857145854919,-0.689872072119053,0.20536082331489,6.0,3
0.4639919229077711,-0.8636489961881288,0.0181197506206784,5.85,3
0.4104929151037896,-0.3962621890605849,0.0815580957094188,5.74,3
0.3512807903789268,-0.4512170612764308,-0.0565425464839315,5.8,3
0.3457895964951803,-0.2075991580080215,-0.0840052761622537,5.76,3
0.5957392943622203,-1.0466903889319017,0.0315848021930604,5.8,3
0.6178710230956637,-1.06465701051062,0.0515914963998796,5.6,3
0.1524490421065435,0.4174368733940313,-0.1014750497321106,5.56,3
0.5148655119959085,-0.2960591026628357,0.0581685731118716,5.22,3
0.337803639599309,0.1586050212954336,-0.0198990202895808,5.31,3
0.4189484907453138,-0.0674940278828604,0.0057432745286611,5.22,3
0.5231216370296937,-0.4644895160725637,0.0175244631395864,5.24,3
0.6682010388934618,-0.776852947786032,-0.0748579932589982,5.27,3
0.4891548194332148,-0.4017961172650794,-0.0976187668510082,5.4,3
0.7089338740488127,-0.5640356949439027,-0.1242994289393948,5.22,3
0.4716970309947231,-0.1712018769537973,-0.2285456380418015,5.3,3
0.5677796802194768,-0.2121931067777417,-0.175515644177685,5.24,3
0.4510161299045195,-0.3317193490460371,-0.2227728049689781,5.31,3
0.825870119189797,-0.941303795537568,0.0355848293488196,5.29,3
0.5900274193192031,-0.323945451419261,-0.1936930649529863,5.25,3
0.759928483693717,-0.4589256865229282,-0.0967344038202836,5.19,3
0.6276423052520695,-0.454850155854308,-0.2435637236721466,5.39,3
0.7086364802886328,-0.6611672651289696,-0.3306131553336186,5.51,3
0.8515572910851689,-1.071758549664802,-0.3939066682424969,5.5,3
0.8303706767739006,-0.755718746086443,-0.2768466340473879,5.56,3
0.9900649191734656,-0.8342681676499237,-0.2294978005916629,5.52,3
0.9015458945365687,-0.6581656893171518,-0.339433743576564,5.54,3
0.8293313496363792,-0.5037938658272542,-0.3220591667229274,5.54,3
0.8750444550885671,-0.4990939332593019,-0.423730857419424,5.5,3
0.9096575649392012,-1.0243549302074004,-0.5809524941099631,5.52,3
0.8375707242962365,-1.0702635226428028,-0.6162506326034924,5.5,3
0.9882362261868848,-0.7996513127442897,-0.5304264629126528,5.56,3
0.8775047852671414,-0.7106600887392275,-0.6307633370447787,5.51,3
0.9822823036071778,-0.7999731682699954,-0.4797623634377378,5.49,3
1.0620962684243926,-0.810697466636218,-0.6661918234656452,5.45,3
0.8728949839595367,-0.6622631109673685,-0.7811813597691345,5.49,3
0.868569051156753,-0.7626592042319048,-0.7550874191921536,5.56,3
0.8914909360133141,-0.7310742122850787,-0.778165312283544,5.54,3
0.852769617271577,-0.7000030675012533,-0.813264422348609,5.55,3
0.9026496148376304,-0.7446063350780093,-0.7118519236291031,5.51,3
0.8820091190319651,-0.4642154863883029,-0.7887142504887052,5.07,3
1.2360640124520852,-1.1418662729098927,-0.6289667294266452,4.83,3
1.3029111400315636,-1.2945215113573951,-0.594483905356483,4.68,3
1.3275887334509366,-0.6522862951917443,-0.4600957449296947,4.63,3
1.314810863712327,-0.8437664291315317,-0.4674711555641183,4.76,3
1.238730694502001,-0.4795473481826128,-0.5712977159837964,4.81,3
0.9444055844941844,0.4773884657562371,-0.6341183889190254,4.74,3
1.392766621875512,-1.0571565951606576,-0.5949004647403683,4.74,3
1.523296367675641,-1.1667395049710638,-0.420452231048723,4.76,3
1.1868083167660088,-0.3532079124003469,-0.6443181995964838,4.99,3
1.2132526705569957,-0.4690288794199547,-0.7027005006776478,5.07,3
1.114852117484519,-0.0033152655288747,-0.689906073820151,5.22,3
1.4581478145032305,-0.6938468595267016,-0.6229973872406047,5.2,3
1.3705932568354102,-0.8158228103045052,-0.7530547606255943,5.42,3
1.286313308690635,-0.8397759378431052,-0.9110073682404944,5.3,3
0.848974796310989,0.2503443908021099,-1.0632802302766506,5.45,3
1.0259631301217562,0.5807255623018108,-0.7208665078961095,5.73,3
0.8039356553236837,1.139572293528594,-0.8791404712890265,5.85,3
1.3777619571562512,-0.4781493875128171,-0.866340940553585,6.02,3
1.2166919993267806,-0.2615967306166207,-0.8745087768877663,6.27,3
1.0273991077716529,0.5512512485215036,-0.871795544398344,6.53,3
1.0527222402134493,0.0717384897684667,-0.9864956916719896,6.54,3
1.2573082101739284,-0.4728999950201202,-0.8439755768542461,6.5,3
1.0609324086711345,0.536124222694828,-0.9122599317995652,6.52,3
1.2809908851793523,-0.1730748659527562,-0.8893540572899042,6.51,3
1.3264720435213375,-0.3961953065633484,-0.897341917989097,6.51,3
1.2004997671288544,-0.4801249212361128,-1.06031954601771,6.4,3
0.8356855146883495,0.8097494466095874,-0.9909978281320732,5.98,3
1.2089621090279947,0.132074896888655,-0.7523597056792779,5.49,3
1.2194717242473956,-0.1589529424936288,-0.7599497792296359,5.31,3
1.1612457974238448,0.1911282533312334,-0.712527250269821,4.8,3
1.0582521353160248,0.3673060902128901,-0.838626853945343,4.21,3
1.1332336414917767,-0.1596389499148315,-0.7789407617483293,3.97,3
1.5243629052287242,-1.214633240578623,-0.5542391897567288,3.77,3
1.1020579737824134,-0.4309750170458293,-0.6475278088746461,3.65,3
1.2234578867174115,0.1955979041489465,-0.2891572957838188,3.07,2
1.1171611857166612,-0.986992709633219,-0.5664065823217704,2.49,2
1.2498110159459768,-0.8311676163616527,-0.2621919922490021,2.09,2
1.552227151806667,-1.4488321983692805,0.0278565329877628,1.82,2
1.4045020291868209,-0.5286940695547355,-0.0185749176909821,1.73,2
1.202121887224476,-0.091947216430548,-0.1296748138742177,1.74,2
1.2799545542121855,0.1154211434475467,0.0120315283954835,1.73,2
1.353784562289913,0.0717451686784217,0.164644403824735,1.75,2
1.5796302532289097,-1.011218192042478,0.074162101111575,1.75,2
1.5432250437126624,-0.8918457178388693,0.0649382876793673,1.75,2
1.6105277814171428,-0.8346216965945065,0.130181810840595,1.73,2
1.5372411344453818,-0.4124056347100374,0.1021786589937965,1.74,2
1.4788590025209758,-0.6354301541135046,-0.0219094414624132,1.75,2
1.5898487637027714,-0.7134648989157819,0.067338016752365,1.75,2
1.735419005380411,-1.1072385744750444,0.2410649688903916,1.34,2
1.526260626099823,-1.2988613954428476,0.0140864646664808,1.24,2
1.5283733331198148,-0.0606659257379845,0.2418986917240855,1.24,2
1.4833367498086405,0.5025300181675609,0.3974699844260948,1.26,2
1.7421823784496069,0.0187418740406651,0.5592966085603528,1.25,2
2.154871011397748,-1.6019128086182377,0.6055769560674142,1.26,2
2.009292479249519,-1.4009945088229772,0.5532007574286513,1.26,2
1.9171159617241795,-0.8943370233159813,0.6985629066053807,1.22,2
1.599056849101221,-0.5627300275701699,0.2925768101448452,1.01,2
1.5988677193404095,-0.1191149272958701,0.3519442622895992,1.03,2
1.6976965844378618,-0.2889654760288228,0.4176500958628579,1.01,2
1.853076897247806,-1.0578853879946646,0.2707449798805202,1.01,2
2.1263800479804065,-1.533262632028422,0.3361423683010257,1.0,2
1.929279908305204,-1.10810701208838,0.1704833146407379,0.98,2
1.659103299965678,0.186375609755663,0.1996091530950229,1.0,2
1.474085028727746,0.4234957098364562,-0.0021280525550167,1.01,2
1.4860656346560968,0.5747535871578809,0.1659665263781831,1.0,2
1.6668051337384144,-0.0468849875935444,0.0422662909631974,1.0,2
1.4225446129472965,0.5790420530815816,-0.0657701595124923,1.0,2
1.6215745967884303,-0.0149607802738146,0.0001144345219511,1.03,2
2.0370615144758872,-1.069397623024991,0.0761018016870469,1.26,2
1.7048763332567802,-0.4556473230507122,-0.1908567440940504,1.43,2
1.8385385031193533,-0.3078024597031017,-0.0024263970638025,1.61,2
1.665266312346369,0.3893357922614183,-0.0133198538134607,1.76,2
2.094712310197068,-0.7207184016320505,0.1166914236029448,1.93,2
2.1083265650597047,-1.409035077377153,-0.0496014410105294,2.16,2
1.5808736427332404,0.1486213044146649,-0.3028607241377887,2.28,2
1.5030694299705618,0.8003438774575616,-0.1605804952344089,2.5,2
1.792943524128596,0.905834269987212,0.0765235189621549,2.63,2
1.8026436241875183,0.7510467622401346,0.0116376353067922,2.79,2
1.7629531543620252,-0.4664725216210949,-0.411213835874734,3.0,2
2.1004571043355287,-0.4860322259989358,-0.0964275714100407,3.04,2
1.6736708424659024,0.5671742798337717,-0.3456499597360073,3.26,2
1.8595447757124288,0.5001839292243787,-0.212903191574127,3.5,2
1.2082705988429108,2.171261455594261,-0.4429857946247036,3.62,2
1.7042385382789196,0.1525884182134169,-0.4591413983201644,3.78,2
2.1166906187595087,-1.805076342274248,-0.5142460074465094,4.0,3
2.1585227590987217,-1.1907591363654029,-0.3628807284642298,4.16,3
1.7233110563117409,1.0895052845083724,-0.4490849704144198,4.29,3
2.0849675003799284,-0.1132686888528817,-0.3045058472249001,4.49,3
1.7347470462294063,0.7429635140289845,-0.5276845799194804,4.59,3
1.716655456607966,1.2598801965275184,-0.4371337809081861,4.79,3
1.4740874890318396,0.8867378068065017,-0.864146024287264,4.94,3
1.8291637196766892,0.1165212389215708,-0.6702610725941558,4.99,3
1.8492671700410728,0.2696172797903107,-0.5674332671053334,5.24,3
1.4908959943278208,0.3991101437003719,-0.9339659718381556,5.25,3
2.3123121955975425,-1.367980798326454,-0.5963794475262013,5.25,3
1.9840289843775176,-1.140678918592704,-1.0083477587036402,5.25,3
2.023958424548522,-0.5407545333853104,-0.7480936611133591,5.25,3
2.0127370558832998,-0.0465372029293279,-0.687716729421802,5.24,3
1.949153380669575,0.2011890265750201,-0.6315406232717512,5.25,3
1.517566404005796,0.9257921341107592,-0.9804037351225224,5.26,3
1.8441421174007744,1.2729327216301929,-0.5811342035524802,5.26,3
2.02941718144305,0.7323190416836143,-0.4999530912142219,5.25,3
2.0451334732826028,0.6613065463892063,-0.5585136832098625,5.25,3
1.938097164320847,0.0651055974402345,-0.7205980022632632,5.25,3
2.1379036117891,-0.4231242398593141,-0.6054562530971475,5.26,3
2.3433861273019314,-0.8406809917595754,-0.543232960770099,5.02,3
1.834538044936317,0.3089624012972387,-0.7515806649717158,4.94,3
1.9488520058823515,0.1499472981932892,-0.7038973592152106,4.76,3
1.8289503758925392,0.861428081364474,-0.6503317507192413,4.49,3
2.1389344108550805,-0.4702166786186578,-0.4826981250607175,4.24,3
1.835941350922776,0.8659726055212624,-0.3904395681655946,3.94,3
2.0018014073589105,0.4017225758459634,-0.3848299965171408,2.98,2
1.7881851006985146,1.4984656609206464,-0.2196348451372838,2.61,2
2.091459710649996,0.8692394144518459,-0.1419689217222917,2.28,2
1.9649532859478285,1.3364311366040895,0.0694145087171138,1.98,2
1.522430432961409,1.9540459087215705,-0.1476717580375662,2.0,2
1.663792068305397,1.037249756307571,-0.1015026027437586,2.01,2
2.18721090950492,-0.8926015029472065,0.1470125534795507,2.0,2
2.0539726765322626,-0.3630584360164982,0.1376886364726334,1.81,2
2.461098906775637,-2.209685087274447,0.439420587837719,0.97,2
2.7855264050022823,-3.947724394048696,0.5160335032459992,0.39,2
2.9146567859152737,-2.647651559793291,1.2902776013874435,0.16,2
2.172513660420494,-0.5530337729024888,1.078195152626754,0.15,2
2.214228798002341,-0.50654562948563,1.424123652021326,0.22,2
2.342122257454569,-1.0369638697861818,1.656864299063347,0.18,2
2.3426135787149445,-1.0465511505794634,1.8359288725893608,0.15,2
2.4677220728160933,-1.100367852566176,2.191239273601108,0.18,2
2.4348505956181743,-0.1559548336893167,2.460941796397891,0.21,2
2.899555765573719,-2.160497211942664,2.432813927197123,0.16,2
2.4176916540302296,-1.1557872112898675,2.216415901116459,0.16,2
2.638205650611493,-1.603686302217452,2.459661281053106,0.15,2
2.6024831513654982,-1.479164536207242,2.5110668669554093,0.12,2
2.777285486136048,-1.6577952764855255,2.601994473069709,0.12,2
2.862277747804421,-2.1257498368964987,2.573617798306816,0.12,2
2.5707432155387604,-0.636613778982343,2.6857427773877185,0.11,2
2.8565767059491405,-1.380067120477309,2.8092677645684714,0.13,2
2.7884875952529318,-0.7053498729591459,2.968473947732356,0.16,2
2.7172881367467205,-0.9832744459822592,2.7607668772410494,0.2,2
2.791494853094311,-1.1867205446691302,2.617866751517822,0.2,2
2.599740561809536,-1.3068079440100493,2.256994052050997,0.18,2
2.755360382684983,-1.2030831664156725,2.4151440575945866,0.18,2
2.7705434825056217,-1.0302606680332274,2.535100152628437,0.19,2
2.5205272753761543,-0.9572540669650604,2.2748190900193106,0.19,2
2.6306140145951256,-0.9049341580871084,2.319334026462982,0.19,2
2.603334914135307,-1.0322897256111223,2.4848729730446952,0.19,2
2.551849979996877,-0.7606931438034695,2.2119026464340266,0.18,2
2.1618801958638603,0.3465715798828377,2.055482562139591,0.17,2
2.0236735125086702,0.4895497164664867,1.88125762085204,0.16,2
2.1492565915038164,1.1673187514098626,2.2004001558054584,0.14,2
2.154188502381329,0.6625620486105968,2.0852954044069367,0.1,2
2.191281003799124,0.3560049579177548,1.9885197933127148,0.09,2
2.4508928096500564,-0.7917894231161947,2.0335052904523243,0.09,2
2.251306992046074,-0.3026667347116407,1.872924410895713,0.07,2
2.038953596621526,0.1716871682759423,1.760591075319355,0.1,2
2.2441527820661937,-0.1946216046525234,1.893417902366779,0.08,2
2.512964908200417,-0.9300715887346352,1.8247515417785956,0.07,2
2.5228268252428028,-0.7328748652154651,1.7729684209817078,0.08,2
2.4404438190251603,-0.9246546302221604,1.5728795270364675,0.07,2
2.1424265965003264,0.2699952032504656,1.3148852882119966,0.08,2
2.516066064808365,-0.0317205736353572,1.6530723656647888,0.1,2
2.2430629124355934,0.7091496534709832,1.4858054705888988,0.13,2
2.433413615251478,-0.1568430479015599,1.4384897365519158,0.14,2
2.691209845120234,-1.0435621365652212,1.4928870582719995,0.16,2
2.652763852497286,-1.059834217289621,1.4456110045428237,0.16,2
2.6311546485095136,-1.0538929873951652,1.405365075800978,0.16,2
2.340119390738894,0.3488886520252323,1.3924883447828935,0.13,2
2.4086294796084124,0.1272085016533798,1.2384105791858937,0.14,2
2.6625932178817786,-0.8493288378818402,1.249105092579461,0.16,2
2.740541859008032,-1.6115880089782435,1.077836986608753,0.16,2
2.749116855042064,-1.2958946172837629,1.2854868030451567,0.16,2
2.430774231750623,-0.1935986381998615,1.1775488691984966,0.14,2
2.353941613478029,0.7267163360806171,1.1621219914830043,0.15,2
2.822154873404961,-0.5454289479012414,1.2353269460676075,0.14,2
2.72764914667096,-1.0457269710663366,1.0342539105776067,0.15,2
2.679770450111556,-0.5469932625476518,1.0548367030741193,0.11,2
2.6172109931133205,-0.3962622372925868,1.024640328024712,0.09,2
2.7524650111211755,-0.7747805445664911,0.9068439387182132,0.09,2
2.694235924277692,-0.5928661255674185,0.8323066595130602,0.08,2
2.674616655655241,-0.5834559078863569,0.8128526599918363,0.08,2
3.09041823126352,-1.475287891698472,0.9860855929489858,0.09,2
2.721754606296843,-1.0789179268234173,0.5062053774407625,0.08,2
2.6079803948624685,-0.6624858480175378,0.3740035355365355,0.09,2
2.591244590503964,-0.0072830446851903,0.4901071940383419,0.07,2
2.604680111538224,-0.0257829292088616,0.5576561948278785,0.07,2
2.3999529790645484,0.5831751659919657,0.4893456572157093,0.08,2
2.7170320723186494,-0.0915386232320778,0.2984645940931694,0.09,2
2.628803836610808,0.0074591447168907,0.283332314272842,0.09,2
2.982517789027826,-0.5341911056391302,0.421157210628189,0.1,2
2.834859571660524,-0.7181485005845331,0.1904038016275945,0.09,2
3.0340567712571174,-1.082241922108606,0.2596984191028136,0.09,2
2.920494992069354,-0.5905550770687592,0.1475793540816362,0.09,2
2.9202898147537977,-1.0820489346108872,-0.1293509885611326,0.09,2
3.045454270900689,-1.654133015785848,-0.0828666183463532,0.09,2
3.0237244582941174,-1.67228374250073,-0.2267600225443984,0.12,2
3.227631060197818,-1.9308633832599196,-0.1610373270797649,0.11,2
2.9661928003124145,-0.2482107757312506,-0.1244244822080393,0.11,2
2.80237497244115,0.1484097182988739,-0.2603968016581016,0.11,2
2.8213075649231047,-0.460173748991585,-0.4465691021206995,0.12,2
2.844829627694613,0.0082548546245275,-0.1819300893515626,0.12,2
2.777325481908405,-0.1828895575946528,-0.4800276089140204,0.13,2
3.160120462257701,-1.0183257575419464,-0.3593910278467626,0.13,2
3.274582887769857,-1.3467182873354977,-0.3754204882605207,0.14,2
2.943099259021547,-1.0973373006414813,-0.7376816647076773,0.14,2
3.0987154243853148,-1.032172637341028,-0.5601303113189897,0.12,2
3.150177300552149,-1.3463897969145675,-0.528048446277876,0.12,2
3.29521266933297,-1.6709016589949424,-0.5088721170487143,0.24,2
2.8991898783216308,-0.2699578374601471,-0.6569795191578215,0.34,2
2.964416934443186,-0.4609420217672961,-0.5770098480217715,0.38,2
2.940790465456842,0.1173187680820626,-0.3935280165591429,0.36,2
2.556317350170544,0.5221543931117257,-0.6916452251251664,0.37,2
2.7137121082403928,0.2945109962510794,-0.7479170279990041,0.37,2
3.0254613731049824,-0.0847454314882556,-0.4419692414029209,0.38,2
3.109623795916079,-0.9003235452344763,-0.6677086405195933,0.39,2
2.9730720183962536,-0.3837615555815308,-0.6267546881148297,0.4,2
2.989529002141348,-0.1608821685396499,-0.4921739234928141,0.4,2
3.175585539949534,-0.4577148491548861,-0.4624624114207415,0.4,2
3.149561518646756,-0.881731486630724,-0.7181869880544398,0.41,2
3.198958720734843,-0.6172403627752039,-0.5932095260707604,0.54,2
2.6779972129548373,0.8969015861613533,-0.75975999394825,0.65,2
2.791963771520641,0.3751513790280864,-0.8273337808261282,0.66,2
3.2014742992186447,-0.3252682116455478,-0.6689935922965125,0.79,2
3.2604648862123944,0.0107987189571487,-0.555443722302197,0.9,2
3.1833086878923376,-0.2681149628832615,-0.7152607864827053,0.91,2
3.2361367896381736,-0.298344069497218,-0.7215732012240992,1.04,2
3.27187180471328,-0.5352039131368497,-0.8022345870149346,1.15,2
3.126772635616715,0.1738669057777323,-0.7200710741723608,1.16,2
2.914155333656635,0.7218098056436764,-0.8706993113838785,1.15,2
3.258858795349877,-0.4416131349957128,-0.9300217622479052,1.15,2
3.2410160487602653,-0.3210514045885211,-0.9181779864663332,1.16,2
3.127433642467736,-0.3241575320892207,-1.103395025896849,1.3,2
2.68692686198711,1.1285601356929156,-1.3143648046835654,1.41,2
3.2449379069985897,0.5256314387786712,-0.7920653386939747,1.42,2
3.3242508443682337,0.0978855645655129,-0.8735943310223419,1.51,2
3.073584381745862,0.620381898120776,-1.0657542321848774,1.69,2
3.0577947422895506,0.670919654717116,-1.184892473183122,1.7,2
3.2164580253258586,0.1198046797097871,-1.0380188160280168,1.82,2
3.4303266776505668,-0.248199828899126,-1.0612802183232055,1.91,2
3.370486037658914,-0.1208855371572935,-1.0946119629993127,1.91,2
3.3447306315965264,0.0020314969445066,-1.1483997407003246,1.95,2
3.276262134082069,0.170061573559163,-1.145326616003362,2.19,2
3.1482034682616957,-0.553633044585245,-1.4793479409232302,2.2,2
3.3432936357552614,-0.6903012476824383,-1.239859793840928,2.27,2
3.2746947084781235,0.1071566989348656,-1.1404022812572314,2.4,2
3.187571506189157,0.5608680895773296,-1.232975815567762,2.4,2
3.0894025672361947,0.8689462481301857,-1.2614921201249376,2.41,2
3.246407424678874,0.7479285588443801,-1.242164382463747,2.42,2
3.405732114386923,0.1111334906924786,-1.2893632147836125,2.39,2
3.3616086410929005,-0.1651946497178878,-1.4115658371344963,2.38,2
3.324820573558064,0.171379403516058,-1.390255298019462,2.4,2
3.5175043130370214,-0.2588014670762328,-1.345670900898028,2.13,2
3.524272936822753,-0.1253793217433983,-1.3603245373267343,2.04,2
3.481066951291776,0.1954366462270541,-1.3206337525797769,1.83,2
3.41273302455578,-0.2056784016071889,-1.5028124219862786,1.55,2
3.609320540943676,-0.4250583982465871,-1.3408677135869338,1.55,2
3.1474270790347454,0.5475658385454211,-1.5670853822401494,1.55,2
3.3950623602795384,0.167126519462753,-1.4479445555182595,1.58,2
3.506008485751217,-0.7538697989487438,-1.050121400741561,0.65,2
3.389790196419588,-2.230812082103532,4.88658445016276,0.05,2
2.9658795878794697,-0.739226955030972,3.887475693230544,0.05,2
3.1770058623947626,0.0601811676882167,3.0714097645805065,0.08,2
2.9439352985037184,0.621395866071734,2.031714535084316,0.09,2
3.401163249148354,0.0159962236847221,1.349970008284718,0.1,2
3.820828343233936,-0.5839174529089907,1.316544508302703,0.09,2
3.752042124068842,-0.575136838998613,0.6385087716019894,0.09,2
3.889132449997443,-0.8437885501137187,0.6061269832812188,0.09,2
3.835095062875145,-0.5491181409417606,0.6234167356729698,0.09,2
3.6974865135973833,0.8837792102167062,0.784804792435227,0.09,2
3.263874942830573,1.4398559644513291,0.3318305294986264,0.08,2
3.3021300274236176,1.6730928032344037,0.378702596853998,0.07,2
3.2615179141979858,2.005996961921559,0.2851426537096345,0.07,2
3.183804788062372,2.0482802478579267,0.0371875589101686,0.06,2
3.023821741160976,2.379567363069353,0.0030854945848453,0.08,2
3.40488296399003,1.443953189471372,-0.1952732267371247,0.1,2
3.234375997530853,1.150116803069387,-0.6356148921752498,0.09,2
3.0025016723652427,1.4588372199756827,-1.04307596344895,0.08,2
2.557412650255562,2.867650903317022,-1.4437390273060209,0.08,2
2.821147771578502,2.117523583765679,-1.5188988318425551,0.08,2
3.138268692991969,1.5754634095831694,-1.4795011170044157,0.08,2
2.3604802976340884,3.7312014593859,-1.5387027110276124,0.08,2
2.430600391699164,3.798864602478375,-1.5572724987253574,0.08,2
2.347609618588555,4.551940705936644,-1.5088751043828603,0.2,2
2.4423067447145783,3.2674571553457463,-1.8012829576093188,0.33,2
2.121757272015694,4.410499656481608,-1.9156536149124996,0.77,2
1.9392594676880224,4.996697111822013,-1.965112555926024,1.21,2
2.8982059304695915,2.0498584710782595,-1.8039112605695224,1.68,3
2.395542472124512,2.4141390192770524,-2.212450439058166,2.33,3
2.4027697402812414,2.8173957486108487,-2.155433813663248,2.56,3
2.6664719647111026,2.97948748465876,-1.8439140202443849,3.08,3
3.004778958089826,1.886657417891632,-1.753853783122781,3.78,3
2.907699306526222,1.6360838594453209,-1.9858788074239448,4.1,3
2.6510035799678398,2.94272685491064,-2.259118464319924,4.33,3
2.6028281607634365,2.587450091136986,-2.3492649480364363,4.57,3
3.473294146801686,1.5202446187110483,-1.7148667089542389,4.65,3
3.3312224823751406,1.9731608932063445,-1.871311403909374,4.83,3
3.4886943790278524,1.4269608668997986,-1.7244736798418565,5.06,3
3.577295165891908,1.4701905292824775,-1.614012564005144,5.08,3
4.163454543503322,0.8717589740640947,-1.2733585534933047,5.12,3
3.629245296042154,1.693449127658623,-1.5391395797585898,5.33,3
3.4706390897036594,1.513376687601175,-1.7065517262338492,5.33,3
4.032689251663301,0.6525769894548605,-1.319156428525661,5.33,3
3.680521076316267,0.6815735283231811,-1.8200671096141,5.33,3
3.8877304183919312,0.6752036085940759,-1.532668315038992,5.33,3
3.155479557405098,2.358602000152803,-2.018755733039859,5.33,3
3.6221666890876993,2.093149119028701,-1.4521611966360315,5.33,3
3.671224915024629,2.0978606467848477,-1.3960686218892495,5.33,3
3.748318140567136,2.100390595561726,-1.3849099890737957,5.33,3
4.052313014407611,1.850524859107008,-1.053510760476504,5.33,3
4.212342311747069,1.717085393679762,-0.8523713755680494,5.33,3
3.912534691140568,2.0186309058903245,-1.1240587844210432,5.33,3
4.066760121076444,1.893907398080691,-0.9845158403051688,5.33,3
3.8291341768578255,2.090099977550533,-1.2558645581591712,5.13,3
3.971493512153645,1.984983712350412,-1.1353084917005405,4.83,3
4.176018434061485,1.815560230664261,-0.8939095305657234,4.64,3
3.963900536096265,1.9911242211431883,-1.1421786053652496,4.48,3
